skip,cohort,root,wall_type,:wall_base_cavity_insul,:wall_base_cont_insul,:roof_base_cont_insul,:window_u,:window_shgc,:window_transmittance,:floor_base_cont_insul,:office_large_light_area,:kitchen_light_area,:dining_fast_light_area,:classroom_class_light_area,:corridor_light_area,:retail_sales_light_area,:storage_warehouse_light_area,:computer_light_area,:lobby_light_area,:guestroom_light_area,:auditorium_light_area,:conference_light_area,:dining_fine_light_area,:gym_light_area,:restroom_light_area,:health_patient_light_area,:industrial_low_light_area,:laundry_light_area,:auto_light_area,:classroom_shop_light_area,:grocery_light_area,:health_operating_light_area,:industrial_high_light_area,:lab_light_area,:mech_light_area,:office_open_light_area,:storage_refrig_light_area,:office_small_light_area,:main_oa_econ_max_temp
#,Asm&0&cAVVG&Ex&Chiller __AirCldScrewChlr ,Asm/templates/root.pxt,Mass Heavy,"%= codes.lookup(""Opaque Envelope Requirements | Climate Zone #{climate_zone}"", ""Walls Above Grade | Mass Heavy"", ""Cavity R-Value"")['R-IP']","%= (1/codes.lookup(""Opaque Envelope Requirements | Climate Zone #{climate_zone}"", ""Walls Above Grade | Metal Framed"", ""Maximum U-Factor"")-1.49)['R-IP']","%= (1/codes.lookup(""Opaque Envelope Requirements | Climate Zone #{climate_zone}"", ""Roofs | Metal Buildings"", ""Maximum U-Factor"")-0.78)['R-IP']","%= (codes.lookup(""Fenestration Requirements | Climate Zone #{climate_zone}"", ""Fixed Window"", ""U-Factor""))['U-IP']","%= (codes.lookup(""Fenestration Requirements | Climate Zone #{climate_zone}"", ""Fixed Window"", ""SHGC""))","%= (codes.lookup(""Fenestration Requirements | Climate Zone #{climate_zone}"", ""Fixed Window"", ""VT""))","%= ((1/codes.lookup(""Opaque Envelope Requirements | Climate Zone #{climate_zone}"", ""Floors | Other"", ""Maximum U-Factor""))-4.261)['R-IP']","%= codes.lookup(""Lighting Power Density"", ""office_large"", ""LPD"")['W/ft2']",,,,,,,,,,"%= codes.lookup(""Lighting Power Density"", ""auditorium"", ""LPD"")['W/ft2']",,,,,,,,,,,,,,,,,,"%= codes.lookup(""Economizer Setpoints"", ""#{climate_zone}"", ""Fixed Drybulb"")['F']"
,ECC&0&cAVVG&Ex&Chiller __AirCldScrewChlr ,ECC/templates/root.pxt,Mass Heavy,"%= codes.lookup(""Opaque Envelope Requirements | Climate Zone #{climate_zone}"", ""Walls Above Grade | Mass Heavy"", ""Cavity R-Value"")['R-IP']","%= (1/codes.lookup(""Opaque Envelope Requirements | Climate Zone #{climate_zone}"", ""Walls Above Grade | Mass Heavy"", ""Maximum U-Factor"")-1.49)['R-IP']","%= (1/codes.lookup(""Opaque Envelope Requirements | Climate Zone #{climate_zone}"", ""Roofs | Metal Buildings"", ""Maximum U-Factor"")-0.78)['R-IP']","%= (codes.lookup(""Fenestration Requirements | Climate Zone #{climate_zone}"", ""Fixed Window"", ""U-Factor""))['U-IP']","%= (codes.lookup(""Fenestration Requirements | Climate Zone #{climate_zone}"", ""Fixed Window"", ""SHGC""))","%= (codes.lookup(""Fenestration Requirements | Climate Zone #{climate_zone}"", ""Fixed Window"", ""VT""))","%= ((1/codes.lookup(""Opaque Envelope Requirements | Climate Zone #{climate_zone}"", ""Floors | Other"", ""Maximum U-Factor""))-4.261)['R-IP']","%= codes.lookup(""Lighting Power Density"", ""office_large"", ""LPD"")['W/ft2']","%= codes.lookup(""Lighting Power Density"", ""kitchen"", ""LPD"")['W/ft2']","%= codes.lookup(""Lighting Power Density"", ""dining_fast"", ""LPD"")['W/ft2']","%= codes.lookup(""Lighting Power Density"", ""classroom_class"", ""LPD"")['W/ft2']",,,,"%= codes.lookup(""Lighting Power Density"", ""computer"", ""LPD"")['W/ft2']",,,,,,,,,,,,"%= codes.lookup(""Lighting Power Density"", ""classroom_shop"", ""LPD"")['W/ft2']",,,,,,,,,"%= codes.lookup(""Economizer Setpoints"", ""#{climate_zone}"", ""Fixed Drybulb"")['F']"
#,EPr&0&cAVVG&Ex&Chiller __AirCldScrewChlr ,EPr/templates/root.pxt,Wood Frame,"%= codes.lookup(""Opaque Envelope Requirements | Climate Zone #{climate_zone}"", ""Walls Above Grade | Wood Framed and Other"", ""Cavity R-Value"")['R-IP']","%= (1/codes.lookup(""Opaque Envelope Requirements | Climate Zone #{climate_zone}"", ""Walls Above Grade | Wood Framed and Other"", ""Maximum U-Factor"")-1.49)['R-IP']","%= (1/codes.lookup(""Opaque Envelope Requirements | Climate Zone #{climate_zone}"", ""Roofs | Wood Framed and Other"", ""Maximum U-Factor"")-0.78)['R-IP']","%= (codes.lookup(""Fenestration Requirements | Climate Zone #{climate_zone}"", ""Fixed Window"", ""U-Factor""))['U-IP']","%= (codes.lookup(""Fenestration Requirements | Climate Zone #{climate_zone}"", ""Fixed Window"", ""SHGC""))","%= (codes.lookup(""Fenestration Requirements | Climate Zone #{climate_zone}"", ""Fixed Window"", ""VT""))","%= ((1/codes.lookup(""Opaque Envelope Requirements | Climate Zone #{climate_zone}"", ""Floors | Other"", ""Maximum U-Factor""))-4.261)['R-IP']",,"%= codes.lookup(""Lighting Power Density"", ""kitchen"", ""LPD"")['W/ft2']","%= codes.lookup(""Lighting Power Density"", ""dining_fast"", ""LPD"")['W/ft2']","%= codes.lookup(""Lighting Power Density"", ""classroom_class"", ""LPD"")['W/ft2']",,,,,,,,,,"%= codes.lookup(""Lighting Power Density"", ""gym"", ""LPD"")['W/ft2']",,,,,,,,,,,,,,,"%= codes.lookup(""Economizer Setpoints"", ""#{climate_zone}"", ""Fixed Drybulb"")['F']"
#,ERC&0&cAVVG&Ex&Chiller __AirCldScrewChlr ,ERC/templates/root.pxt,Wood Frame,"%= codes.lookup(""Opaque Envelope Requirements | Climate Zone #{climate_zone}"", ""Walls Above Grade | Wood Framed and Other"", ""Cavity R-Value"")['R-IP']","%= (1/codes.lookup(""Opaque Envelope Requirements | Climate Zone #{climate_zone}"", ""Walls Above Grade | Wood Framed and Other"", ""Maximum U-Factor"")-1.49)['R-IP']","%= (1/codes.lookup(""Opaque Envelope Requirements | Climate Zone #{climate_zone}"", ""Roofs | Wood Framed and Other"", ""Maximum U-Factor"")-0.78)['R-IP']","%= (codes.lookup(""Fenestration Requirements | Climate Zone #{climate_zone}"", ""Fixed Window"", ""U-Factor""))['U-IP']","%= (codes.lookup(""Fenestration Requirements | Climate Zone #{climate_zone}"", ""Fixed Window"", ""SHGC""))","%= (codes.lookup(""Fenestration Requirements | Climate Zone #{climate_zone}"", ""Fixed Window"", ""VT""))","%= ((1/codes.lookup(""Opaque Envelope Requirements | Climate Zone #{climate_zone}"", ""Floors | Other"", ""Maximum U-Factor""))-4.261)['R-IP']",,,,"%= codes.lookup(""Lighting Power Density"", ""classroom_class"", ""LPD"")['W/ft2']",,,,,,,,,,,,,,,,,,,,,,,,,"%= codes.lookup(""Economizer Setpoints"", ""#{climate_zone}"", ""Fixed Drybulb"")['F']"
,ESe&0&cAVVG&Ex&Chiller __AirCldScrewChlr ,ESe/templates/root.pxt,Mass Heavy,"%= codes.lookup(""Opaque Envelope Requirements | Climate Zone #{climate_zone}"", ""Walls Above Grade | Mass Heavy"", ""Cavity R-Value"")['R-IP']","%= (1/codes.lookup(""Opaque Envelope Requirements | Climate Zone #{climate_zone}"", ""Walls Above Grade | Mass Heavy"", ""Maximum U-Factor"")-1.49)['R-IP']","%= (1/codes.lookup(""Opaque Envelope Requirements | Climate Zone #{climate_zone}"", ""Roofs | Wood Framed and Other"", ""Maximum U-Factor"")-0.78)['R-IP']","%= (codes.lookup(""Fenestration Requirements | Climate Zone #{climate_zone}"", ""Fixed Window"", ""U-Factor""))['U-IP']","%= (codes.lookup(""Fenestration Requirements | Climate Zone #{climate_zone}"", ""Fixed Window"", ""SHGC""))","%= (codes.lookup(""Fenestration Requirements | Climate Zone #{climate_zone}"", ""Fixed Window"", ""VT""))","%= ((1/codes.lookup(""Opaque Envelope Requirements | Climate Zone #{climate_zone}"", ""Floors | Other"", ""Maximum U-Factor""))-4.261)['R-IP']",,"%= codes.lookup(""Lighting Power Density"", ""kitchen"", ""LPD"")['W/ft2']","%= codes.lookup(""Lighting Power Density"", ""dining_fast"", ""LPD"")['W/ft2']","%= codes.lookup(""Lighting Power Density"", ""classroom_class"", ""LPD"")['W/ft2']",,,,"%= codes.lookup(""Lighting Power Density"", ""computer"", ""LPD"")['W/ft2']",,,,,,"%= codes.lookup(""Lighting Power Density"", ""gym"", ""LPD"")['W/ft2']",,,,,,,,,,,,,,,"%= codes.lookup(""Economizer Setpoints"", ""#{climate_zone}"", ""Fixed Drybulb"")['F']"
,EUn&0&cAVVG&Ex&Chiller __AirCldScrewChlr ,EUn/templates/root.pxt,Mass Heavy,"%= codes.lookup(""Opaque Envelope Requirements | Climate Zone #{climate_zone}"", ""Walls Above Grade | Mass Heavy"", ""Cavity R-Value"")['R-IP']","%= (1/codes.lookup(""Opaque Envelope Requirements | Climate Zone #{climate_zone}"", ""Walls Above Grade | Metal Framed"", ""Maximum U-Factor"")-1.49)['R-IP']","%= (1/codes.lookup(""Opaque Envelope Requirements | Climate Zone #{climate_zone}"", ""Roofs | Metal Buildings"", ""Maximum U-Factor"")-0.78)['R-IP']","%= (codes.lookup(""Fenestration Requirements | Climate Zone #{climate_zone}"", ""Fixed Window"", ""U-Factor""))['U-IP']","%= (codes.lookup(""Fenestration Requirements | Climate Zone #{climate_zone}"", ""Fixed Window"", ""SHGC""))","%= (codes.lookup(""Fenestration Requirements | Climate Zone #{climate_zone}"", ""Fixed Window"", ""VT""))","%= ((1/codes.lookup(""Opaque Envelope Requirements | Climate Zone #{climate_zone}"", ""Floors | Other"", ""Maximum U-Factor""))-4.261)['R-IP']","%= codes.lookup(""Lighting Power Density"", ""office_large"", ""LPD"")['W/ft2']","%= codes.lookup(""Lighting Power Density"", ""kitchen"", ""LPD"")['W/ft2']","%= codes.lookup(""Lighting Power Density"", ""dining_fast"", ""LPD"")['W/ft2']","%= codes.lookup(""Lighting Power Density"", ""classroom_class"", ""LPD"")['W/ft2']","%= codes.lookup(""Lighting Power Density"", ""corridor"", ""LPD"")['W/ft2']",,,"%= codes.lookup(""Lighting Power Density"", ""computer"", ""LPD"")['W/ft2']",,"%= codes.lookup(""Lighting Power Density"", ""guestroom"", ""LPD"")['W/ft2']",,,,,,,"%= codes.lookup(""Lighting Power Density"", ""industrial_low"", ""LPD"")['W/ft2']",,,,,,,,,,,,"%= codes.lookup(""Economizer Setpoints"", ""#{climate_zone}"", ""Fixed Drybulb"")['F']"
#,Fin&0&cAVVG&Ex&Chiller __AirCldScrewChlr ,Fin/templates/root.pxt,steel-frame,"%= codes.lookup(""Opaque Envelope Requirements | Climate Zone #{climate_zone}"", ""Walls Above Grade | Metal Framed"", ""Cavity R-Value"")['R-IP']","%= (1/codes.lookup(""Opaque Envelope Requirements | Climate Zone #{climate_zone}"", ""Walls Above Grade | Metal Framed"", ""Maximum U-Factor"")-1.49)['R-IP']","%= (1/codes.lookup(""Opaque Envelope Requirements | Climate Zone #{climate_zone}"", ""Roofs | Wood Framed and Other"", ""Maximum U-Factor"")-0.78)['R-IP']","%= (codes.lookup(""Fenestration Requirements | Climate Zone #{climate_zone}"", ""Fixed Window"", ""U-Factor""))['U-IP']","%= (codes.lookup(""Fenestration Requirements | Climate Zone #{climate_zone}"", ""Fixed Window"", ""SHGC""))","%= (codes.lookup(""Fenestration Requirements | Climate Zone #{climate_zone}"", ""Fixed Window"", ""VT""))","%= ((1/codes.lookup(""Opaque Envelope Requirements | Climate Zone #{climate_zone}"", ""Floors | Other"", ""Maximum U-Factor""))-4.261)['R-IP']","%= codes.lookup(""Lighting Power Density"", ""office_large"", ""LPD"")['W/ft2']",,,,,"%= codes.lookup(""Lighting Power Density"", ""retail_sales"", ""LPD"")['W/ft2']",,,,,,,,,,,,,,,,,,,,,,,"%= codes.lookup(""Economizer Setpoints"", ""#{climate_zone}"", ""Fixed Drybulb"")['F']"
#,Gro&0&cAVVG&Ex&Chiller __AirCldScrewChlr ,Gro/templates/root.pxt,Mass Heavy,"%= codes.lookup(""Opaque Envelope Requirements | Climate Zone #{climate_zone}"", ""Walls Above Grade | Mass Heavy"", ""Cavity R-Value"")['R-IP']","%= (1/codes.lookup(""Opaque Envelope Requirements | Climate Zone #{climate_zone}"", ""Walls Above Grade | Metal Framed"", ""Maximum U-Factor"")-1.49)['R-IP']","%= (1/codes.lookup(""Opaque Envelope Requirements | Climate Zone #{climate_zone}"", ""Roofs | Metal Buildings"", ""Maximum U-Factor"")-0.78)['R-IP']","%= (codes.lookup(""Fenestration Requirements | Climate Zone #{climate_zone}"", ""Fixed Window"", ""U-Factor""))['U-IP']","%= (codes.lookup(""Fenestration Requirements | Climate Zone #{climate_zone}"", ""Fixed Window"", ""SHGC""))","%= (codes.lookup(""Fenestration Requirements | Climate Zone #{climate_zone}"", ""Fixed Window"", ""VT""))","%= ((1/codes.lookup(""Opaque Envelope Requirements | Climate Zone #{climate_zone}"", ""Floors | Other"", ""Maximum U-Factor""))-4.261)['R-IP']","%= codes.lookup(""Lighting Power Density"", ""office_large"", ""LPD"")['W/ft2']",,,,,,,,,,,,,,,,,,,,"%= codes.lookup(""Lighting Power Density"", ""grocery"", ""LPD"")['W/ft2']",,"%= codes.lookup(""Lighting Power Density"", ""industrial_high"", ""LPD"")['W/ft2']",,,,"%= codes.lookup(""Lighting Power Density"", ""storage_refrig"", ""LPD"")['W/ft2']",,"%= codes.lookup(""Economizer Setpoints"", ""#{climate_zone}"", ""Fixed Drybulb"")['F']"
,Hsp&0&cAVVG&Ex&Chiller __AirCldScrewChlr ,Hsp/templates/root.pxt,Mass Heavy,"%= codes.lookup(""Opaque Envelope Requirements | Climate Zone #{climate_zone}"", ""Walls Above Grade | Mass Heavy"", ""Cavity R-Value"")['R-IP']","%= (1/codes.lookup(""Opaque Envelope Requirements | Climate Zone #{climate_zone}"", ""Walls Above Grade | Mass Heavy"", ""Maximum U-Factor"")-1.49)['R-IP']","%= (1/codes.lookup(""Opaque Envelope Requirements | Climate Zone #{climate_zone}"", ""Roofs | Metal Buildings"", ""Maximum U-Factor"")-0.78)['R-IP']","%= (codes.lookup(""Fenestration Requirements | Climate Zone #{climate_zone}"", ""Fixed Window"", ""U-Factor""))['U-IP']","%= (codes.lookup(""Fenestration Requirements | Climate Zone #{climate_zone}"", ""Fixed Window"", ""SHGC""))","%= (codes.lookup(""Fenestration Requirements | Climate Zone #{climate_zone}"", ""Fixed Window"", ""VT""))","%= ((1/codes.lookup(""Opaque Envelope Requirements | Climate Zone #{climate_zone}"", ""Floors | Other"", ""Maximum U-Factor""))-4.261)['R-IP']","%= codes.lookup(""Lighting Power Density"", ""office_large"", ""LPD"")['W/ft2']","%= codes.lookup(""Lighting Power Density"", ""kitchen"", ""LPD"")['W/ft2']","%= codes.lookup(""Lighting Power Density"", ""dining_fast"", ""LPD"")['W/ft2']",,,,,,,,,,,,,"%= codes.lookup(""Lighting Power Density"", ""health_patient"", ""LPD"")['W/ft2']",,,,,,"%= codes.lookup(""Lighting Power Density"", ""health_operating"", ""LPD"")['W/ft2']",,,,,,,"%= codes.lookup(""Economizer Setpoints"", ""#{climate_zone}"", ""Fixed Drybulb"")['F']"
#,Htl&0&cAVVG&Ex&Chiller __AirCldScrewChlr ,Htl/templates/root.pxt,Mass Heavy,"%= codes.lookup(""Opaque Envelope Requirements | Climate Zone #{climate_zone}"", ""Walls Above Grade | Mass Heavy"", ""Cavity R-Value"")['R-IP']","%= (1/codes.lookup(""Opaque Envelope Requirements | Climate Zone #{climate_zone}"", ""Walls Above Grade | Metal Framed"", ""Maximum U-Factor"")-1.49)['R-IP']","%= (1/codes.lookup(""Opaque Envelope Requirements | Climate Zone #{climate_zone}"", ""Roofs | Metal Buildings"", ""Maximum U-Factor"")-0.78)['R-IP']","%= (codes.lookup(""Fenestration Requirements | Climate Zone #{climate_zone}"", ""Fixed Window"", ""U-Factor""))['U-IP']","%= (codes.lookup(""Fenestration Requirements | Climate Zone #{climate_zone}"", ""Fixed Window"", ""SHGC""))","%= (codes.lookup(""Fenestration Requirements | Climate Zone #{climate_zone}"", ""Fixed Window"", ""VT""))","%= ((1/codes.lookup(""Opaque Envelope Requirements | Climate Zone #{climate_zone}"", ""Floors | Other"", ""Maximum U-Factor""))-4.261)['R-IP']","%= codes.lookup(""Lighting Power Density"", ""office_large"", ""LPD"")['W/ft2']","%= codes.lookup(""Lighting Power Density"", ""kitchen"", ""LPD"")['W/ft2']",,,"%= codes.lookup(""Lighting Power Density"", ""corridor"", ""LPD"")['W/ft2']",,,,"%= codes.lookup(""Lighting Power Density"", ""lobby"", ""LPD"")['W/ft2']","%= codes.lookup(""Lighting Power Density"", ""guestroom"", ""LPD"")['W/ft2']",,,"%= codes.lookup(""Lighting Power Density"", ""dining_fine"", ""LPD"")['W/ft2']",,,,,"%= codes.lookup(""Lighting Power Density"", ""laundry"", ""LPD"")['W/ft2']",,,,,,,,,,,"%= codes.lookup(""Economizer Setpoints"", ""#{climate_zone}"", ""Fixed Drybulb"")['F']"
#,Lib&0&cAVVG&Ex&Chiller __AirCldScrewChlr ,Lib/templates/root.pxt,steel-frame,"%= codes.lookup(""Opaque Envelope Requirements | Climate Zone #{climate_zone}"", ""Walls Above Grade | Metal Framed"", ""Cavity R-Value"")['R-IP']","%= (1/codes.lookup(""Opaque Envelope Requirements | Climate Zone #{climate_zone}"", ""Walls Above Grade | Metal Framed"", ""Maximum U-Factor"")-1.49)['R-IP']","%= (1/codes.lookup(""Opaque Envelope Requirements | Climate Zone #{climate_zone}"", ""Roofs | Wood Framed and Other"", ""Maximum U-Factor"")-0.78)['R-IP']","%= (codes.lookup(""Fenestration Requirements | Climate Zone #{climate_zone}"", ""Fixed Window"", ""U-Factor""))['U-IP']","%= (codes.lookup(""Fenestration Requirements | Climate Zone #{climate_zone}"", ""Fixed Window"", ""SHGC""))","%= (codes.lookup(""Fenestration Requirements | Climate Zone #{climate_zone}"", ""Fixed Window"", ""VT""))","%= ((1/codes.lookup(""Opaque Envelope Requirements | Climate Zone #{climate_zone}"", ""Floors | Other"", ""Maximum U-Factor""))-4.261)['R-IP']","%= codes.lookup(""Lighting Power Density"", ""office_large"", ""LPD"")['W/ft2']",,,"%= codes.lookup(""Lighting Power Density"", ""classroom_class"", ""LPD"")['W/ft2']",,"%= codes.lookup(""Lighting Power Density"", ""retail_sales"", ""LPD"")['W/ft2']",,,,,,"%= codes.lookup(""Lighting Power Density"", ""conference"", ""LPD"")['W/ft2']",,,,,,,,,,,,,,,,,"%= codes.lookup(""Economizer Setpoints"", ""#{climate_zone}"", ""Fixed Drybulb"")['F']"
,MBT&0&cAVVG&Ex&Chiller __AirCldScrewChlr ,MBT/templates/root.pxt,Metal Frame,"%= codes.lookup(""Opaque Envelope Requirements | Climate Zone #{climate_zone}"", ""Walls Above Grade | Metal Framed"", ""Cavity R-Value"")['R-IP']","%= (1/codes.lookup(""Opaque Envelope Requirements | Climate Zone #{climate_zone}"", ""Walls Above Grade | Metal Framed"", ""Maximum U-Factor"")-1.49)['R-IP']","%= (1/codes.lookup(""Opaque Envelope Requirements | Climate Zone #{climate_zone}"", ""Roofs | Metal Buildings"", ""Maximum U-Factor"")-0.78)['R-IP']","%= (codes.lookup(""Fenestration Requirements | Climate Zone #{climate_zone}"", ""Fixed Window"", ""U-Factor""))['U-IP']","%= (codes.lookup(""Fenestration Requirements | Climate Zone #{climate_zone}"", ""Fixed Window"", ""SHGC""))","%= (codes.lookup(""Fenestration Requirements | Climate Zone #{climate_zone}"", ""Fixed Window"", ""VT""))","%= ((1/codes.lookup(""Opaque Envelope Requirements | Climate Zone #{climate_zone}"", ""Floors | Other"", ""Maximum U-Factor""))-4.261)['R-IP']","%= codes.lookup(""Lighting Power Density"", ""office_large"", ""LPD"")['W/ft2']","%= codes.lookup(""Lighting Power Density"", ""kitchen"", ""LPD"")['W/ft2']","%= codes.lookup(""Lighting Power Density"", ""dining_fast"", ""LPD"")['W/ft2']",,"%= codes.lookup(""Lighting Power Density"", ""corridor"", ""LPD"")['W/ft2']",,,"%= codes.lookup(""Lighting Power Density"", ""computer"", ""LPD"")['W/ft2']",,,,"%= codes.lookup(""Lighting Power Density"", ""conference"", ""LPD"")['W/ft2']",,,,,,,,,,,,"%= codes.lookup(""Lighting Power Density"", ""lab"", ""LPD"")['W/ft2']",,,,,"%= codes.lookup(""Economizer Setpoints"", ""#{climate_zone}"", ""Fixed Drybulb"")['F']"
#,MLI&0&cAVVG&Ex&Chiller __AirCldScrewChlr ,MLI/templates/root.pxt,Mass Heavy,"%= codes.lookup(""Opaque Envelope Requirements | Climate Zone #{climate_zone}"", ""Walls Above Grade | Mass Heavy"", ""Cavity R-Value"")['R-IP']","%= (1/codes.lookup(""Opaque Envelope Requirements | Climate Zone #{climate_zone}"", ""Walls Above Grade | Metal Framed"", ""Maximum U-Factor"")-1.49)['R-IP']","%= (1/codes.lookup(""Opaque Envelope Requirements | Climate Zone #{climate_zone}"", ""Roofs | Metal Buildings"", ""Maximum U-Factor"")-0.78)['R-IP']","%= (codes.lookup(""Fenestration Requirements | Climate Zone #{climate_zone}"", ""Fixed Window"", ""U-Factor""))['U-IP']","%= (codes.lookup(""Fenestration Requirements | Climate Zone #{climate_zone}"", ""Fixed Window"", ""SHGC""))","%= (codes.lookup(""Fenestration Requirements | Climate Zone #{climate_zone}"", ""Fixed Window"", ""VT""))","%= ((1/codes.lookup(""Opaque Envelope Requirements | Climate Zone #{climate_zone}"", ""Floors | Other"", ""Maximum U-Factor""))-4.261)['R-IP']",,,,,,,"%= codes.lookup(""Lighting Power Density"", ""storage_warehouse"", ""LPD"")['W/ft2']",,,,,,,,,,"%= codes.lookup(""Lighting Power Density"", ""industrial_low"", ""LPD"")['W/ft2']",,,,,,,,,,,,"%= codes.lookup(""Economizer Setpoints"", ""#{climate_zone}"", ""Fixed Drybulb"")['F']"
#,Mtl&0&cAVVG&Ex&Chiller __AirCldScrewChlr ,Mtl/templates/root.pxt,Wood Frame,"%= codes.lookup(""Opaque Envelope Requirements | Climate Zone #{climate_zone}"", ""Walls Above Grade | Wood Framed and Other"", ""Cavity R-Value"")['R-IP']","%= (1/codes.lookup(""Opaque Envelope Requirements | Climate Zone #{climate_zone}"", ""Walls Above Grade | Wood Framed and Other"", ""Maximum U-Factor"")-1.49)['R-IP']","%= (1/codes.lookup(""Opaque Envelope Requirements | Climate Zone #{climate_zone}"", ""Roofs | Wood Framed and Other"", ""Maximum U-Factor"")-0.78)['R-IP']","%= (codes.lookup(""Fenestration Requirements | Climate Zone #{climate_zone}"", ""Fixed Window"", ""U-Factor""))['U-IP']","%= (codes.lookup(""Fenestration Requirements | Climate Zone #{climate_zone}"", ""Fixed Window"", ""SHGC""))","%= (codes.lookup(""Fenestration Requirements | Climate Zone #{climate_zone}"", ""Fixed Window"", ""VT""))","%= ((1/codes.lookup(""Opaque Envelope Requirements | Climate Zone #{climate_zone}"", ""Floors | Other"", ""Maximum U-Factor""))-4.261)['R-IP']","%= codes.lookup(""Lighting Power Density"", ""office_large"", ""LPD"")['W/ft2']",,,,"%= codes.lookup(""Lighting Power Density"", ""corridor"", ""LPD"")['W/ft2']",,,,,"%= codes.lookup(""Lighting Power Density"", ""guestroom"", ""LPD"")['W/ft2']",,,,,,,,"%= codes.lookup(""Lighting Power Density"", ""laundry"", ""LPD"")['W/ft2']",,,,,,,,,,,"%= codes.lookup(""Economizer Setpoints"", ""#{climate_zone}"", ""Fixed Drybulb"")['F']"
,Nrs&0&cAVVG&Ex&Chiller __AirCldScrewChlr ,Nrs/templates/root.pxt,Wood Frame,"%= codes.lookup(""Opaque Envelope Requirements | Climate Zone #{climate_zone}"", ""Walls Above Grade | Wood Framed and Other"", ""Cavity R-Value"")['R-IP']","%= (1/codes.lookup(""Opaque Envelope Requirements | Climate Zone #{climate_zone}"", ""Walls Above Grade | Wood Framed and Other"", ""Maximum U-Factor"")-1.49)['R-IP']","%= (1/codes.lookup(""Opaque Envelope Requirements | Climate Zone #{climate_zone}"", ""Roofs | Wood Framed and Other"", ""Maximum U-Factor"")-0.78)['R-IP']","%= (codes.lookup(""Fenestration Requirements | Climate Zone #{climate_zone}"", ""Fixed Window"", ""U-Factor""))['U-IP']","%= (codes.lookup(""Fenestration Requirements | Climate Zone #{climate_zone}"", ""Fixed Window"", ""SHGC""))","%= (codes.lookup(""Fenestration Requirements | Climate Zone #{climate_zone}"", ""Fixed Window"", ""VT""))","%= ((1/codes.lookup(""Opaque Envelope Requirements | Climate Zone #{climate_zone}"", ""Floors | Other"", ""Maximum U-Factor""))-4.261)['R-IP']","%= codes.lookup(""Lighting Power Density"", ""office_large"", ""LPD"")['W/ft2']","%= codes.lookup(""Lighting Power Density"", ""kitchen"", ""LPD"")['W/ft2']","%= codes.lookup(""Lighting Power Density"", ""dining_fast"", ""LPD"")['W/ft2']",,"%= codes.lookup(""Lighting Power Density"", ""corridor"", ""LPD"")['W/ft2']",,,,,,,,,,,"%= codes.lookup(""Lighting Power Density"", ""health_patient"", ""LPD"")['W/ft2']",,,,,,,,,,,,,"%= codes.lookup(""Economizer Setpoints"", ""#{climate_zone}"", ""Fixed Drybulb"")['F']"
,OfL&0&cAVVG&Ex&Chiller __AirCldScrewChlr ,OfL/templates/root.pxt,Metal Frame,"%= codes.lookup(""Opaque Envelope Requirements | Climate Zone #{climate_zone}"", ""Walls Above Grade | Metal Framed"", ""Cavity R-Value"")['R-IP']","%= (1/codes.lookup(""Opaque Envelope Requirements | Climate Zone #{climate_zone}"", ""Walls Above Grade | Metal Framed"", ""Maximum U-Factor"")-1.49)['R-IP']","%= (1/codes.lookup(""Opaque Envelope Requirements | Climate Zone #{climate_zone}"", ""Roofs | Metal Buildings"", ""Maximum U-Factor"")-0.78)['R-IP']","%= (codes.lookup(""Fenestration Requirements | Climate Zone #{climate_zone}"", ""Fixed Window"", ""U-Factor""))['U-IP']","%= (codes.lookup(""Fenestration Requirements | Climate Zone #{climate_zone}"", ""Fixed Window"", ""SHGC""))","%= (codes.lookup(""Fenestration Requirements | Climate Zone #{climate_zone}"", ""Fixed Window"", ""VT""))","%= ((1/codes.lookup(""Opaque Envelope Requirements | Climate Zone #{climate_zone}"", ""Floors | Other"", ""Maximum U-Factor""))-4.261)['R-IP']","%= codes.lookup(""Lighting Power Density"", ""office_large"", ""LPD"")['W/ft2']",,,,,,,,"%= codes.lookup(""Lighting Power Density"", ""lobby"", ""LPD"")['W/ft2']",,,,,,,,,,,,,,,,"%= codes.lookup(""Lighting Power Density"", ""mech"", ""LPD"")['W/ft2']","%= codes.lookup(""Lighting Power Density"", ""office_open"", ""LPD"")['W/ft2']",,,"%= codes.lookup(""Economizer Setpoints"", ""#{climate_zone}"", ""Fixed Drybulb"")['F']"
,OfS&0&cAVVG&Ex&Chiller __AirCldScrewChlr ,OfS/templates/root.pxt,Wood Frame,"%= codes.lookup(""Opaque Envelope Requirements | Climate Zone #{climate_zone}"", ""Walls Above Grade | Wood Framed and Other"", ""Cavity R-Value"")['R-IP']","%= (1/codes.lookup(""Opaque Envelope Requirements | Climate Zone #{climate_zone}"", ""Walls Above Grade | Wood Framed and Other"", ""Maximum U-Factor"")-1.49)['R-IP']","%= (1/codes.lookup(""Opaque Envelope Requirements | Climate Zone #{climate_zone}"", ""Roofs | Wood Framed and Other"", ""Maximum U-Factor"")-0.78)['R-IP']","%= (codes.lookup(""Fenestration Requirements | Climate Zone #{climate_zone}"", ""Fixed Window"", ""U-Factor""))['U-IP']","%= (codes.lookup(""Fenestration Requirements | Climate Zone #{climate_zone}"", ""Fixed Window"", ""SHGC""))","%= (codes.lookup(""Fenestration Requirements | Climate Zone #{climate_zone}"", ""Fixed Window"", ""VT""))","%= ((1/codes.lookup(""Opaque Envelope Requirements | Climate Zone #{climate_zone}"", ""Floors | Other"", ""Maximum U-Factor""))-4.261)['R-IP']","%= codes.lookup(""Lighting Power Density"", ""office_large"", ""LPD"")['W/ft2']",,,,"%= codes.lookup(""Lighting Power Density"", ""corridor"", ""LPD"")['W/ft2']",,,,,,,,,,,,,,,,,,,,,,,"%= codes.lookup(""Lighting Power Density"", ""office_small"", ""LPD"")['W/ft2']","%= codes.lookup(""Economizer Setpoints"", ""#{climate_zone}"", ""Fixed Drybulb"")['F']"
#,Rel&0&cAVVG&Ex&Chiller __AirCldScrewChlr ,Rel/templates/root.pxt,steel-frame,"%= codes.lookup(""Opaque Envelope Requirements | Climate Zone #{climate_zone}"", ""Walls Above Grade | Metal Framed"", ""Cavity R-Value"")['R-IP']","%= (1/codes.lookup(""Opaque Envelope Requirements | Climate Zone #{climate_zone}"", ""Walls Above Grade | Metal Framed"", ""Maximum U-Factor"")-1.49)['R-IP']","%= (1/codes.lookup(""Opaque Envelope Requirements | Climate Zone #{climate_zone}"", ""Roofs | Wood Framed and Other"", ""Maximum U-Factor"")-0.78)['R-IP']","%= (codes.lookup(""Fenestration Requirements | Climate Zone #{climate_zone}"", ""Fixed Window"", ""U-Factor""))['U-IP']","%= (codes.lookup(""Fenestration Requirements | Climate Zone #{climate_zone}"", ""Fixed Window"", ""SHGC""))","%= (codes.lookup(""Fenestration Requirements | Climate Zone #{climate_zone}"", ""Fixed Window"", ""VT""))","%= ((1/codes.lookup(""Opaque Envelope Requirements | Climate Zone #{climate_zone}"", ""Floors | Other"", ""Maximum U-Factor""))-4.261)['R-IP']","%= codes.lookup(""Lighting Power Density"", ""office_large"", ""LPD"")['W/ft2']",,,"%= codes.lookup(""Lighting Power Density"", ""classroom_class"", ""LPD"")['W/ft2']",,,,,,,"%= codes.lookup(""Lighting Power Density"", ""auditorium"", ""LPD"")['W/ft2']",,,,,,,,,,,,,,,,,,"%= codes.lookup(""Economizer Setpoints"", ""#{climate_zone}"", ""Fixed Drybulb"")['F']"
#,RFF&0&cAVVG&Ex&Chiller __AirCldScrewChlr ,RFF/templates/root.pxt,Mass Heavy,"%= codes.lookup(""Opaque Envelope Requirements | Climate Zone #{climate_zone}"", ""Walls Above Grade | Mass Heavy"", ""Cavity R-Value"")['R-IP']","%= (1/codes.lookup(""Opaque Envelope Requirements | Climate Zone #{climate_zone}"", ""Walls Above Grade | Mass Heavy"", ""Maximum U-Factor"")-1.49)['R-IP']","%= (1/codes.lookup(""Opaque Envelope Requirements | Climate Zone #{climate_zone}"", ""Roofs | Wood Framed and Other"", ""Maximum U-Factor"")-0.78)['R-IP']","%= (codes.lookup(""Fenestration Requirements | Climate Zone #{climate_zone}"", ""Fixed Window"", ""U-Factor""))['U-IP']","%= (codes.lookup(""Fenestration Requirements | Climate Zone #{climate_zone}"", ""Fixed Window"", ""SHGC""))","%= (codes.lookup(""Fenestration Requirements | Climate Zone #{climate_zone}"", ""Fixed Window"", ""VT""))","%= ((1/codes.lookup(""Opaque Envelope Requirements | Climate Zone #{climate_zone}"", ""Floors | Other"", ""Maximum U-Factor""))-4.261)['R-IP']",,"%= codes.lookup(""Lighting Power Density"", ""kitchen"", ""LPD"")['W/ft2']","%= codes.lookup(""Lighting Power Density"", ""dining_fast"", ""LPD"")['W/ft2']",,,,,,"%= codes.lookup(""Lighting Power Density"", ""lobby"", ""LPD"")['W/ft2']",,,,,,"%= codes.lookup(""Lighting Power Density"", ""restroom"", ""LPD"")['W/ft2']",,,,,,,,,,,,,,"%= codes.lookup(""Economizer Setpoints"", ""#{climate_zone}"", ""Fixed Drybulb"")['F']"
#,RSD&0&cAVVG&Ex&Chiller __AirCldScrewChlr ,RSD/templates/root.pxt,Wood Frame,"%= codes.lookup(""Opaque Envelope Requirements | Climate Zone #{climate_zone}"", ""Walls Above Grade | Wood Framed and Other"", ""Cavity R-Value"")['R-IP']","%= (1/codes.lookup(""Opaque Envelope Requirements | Climate Zone #{climate_zone}"", ""Walls Above Grade | Wood Framed and Other"", ""Maximum U-Factor"")-1.49)['R-IP']","%= (1/codes.lookup(""Opaque Envelope Requirements | Climate Zone #{climate_zone}"", ""Roofs | Wood Framed and Other"", ""Maximum U-Factor"")-0.78)['R-IP']","%= (codes.lookup(""Fenestration Requirements | Climate Zone #{climate_zone}"", ""Fixed Window"", ""U-Factor""))['U-IP']","%= (codes.lookup(""Fenestration Requirements | Climate Zone #{climate_zone}"", ""Fixed Window"", ""SHGC""))","%= (codes.lookup(""Fenestration Requirements | Climate Zone #{climate_zone}"", ""Fixed Window"", ""VT""))","%= ((1/codes.lookup(""Opaque Envelope Requirements | Climate Zone #{climate_zone}"", ""Floors | Other"", ""Maximum U-Factor""))-4.261)['R-IP']",,"%= codes.lookup(""Lighting Power Density"", ""kitchen"", ""LPD"")['W/ft2']",,,,,,,"%= codes.lookup(""Lighting Power Density"", ""lobby"", ""LPD"")['W/ft2']",,,,"%= codes.lookup(""Lighting Power Density"", ""dining_fine"", ""LPD"")['W/ft2']",,"%= codes.lookup(""Lighting Power Density"", ""restroom"", ""LPD"")['W/ft2']",,,,,,,,,,,,,,"%= codes.lookup(""Economizer Setpoints"", ""#{climate_zone}"", ""Fixed Drybulb"")['F']"
,Rt3&0&cAVVG&Ex&Chiller __AirCldScrewChlr ,Rt3/templates/root.pxt,Mass Heavy,"%= codes.lookup(""Opaque Envelope Requirements | Climate Zone #{climate_zone}"", ""Walls Above Grade | Mass Heavy"", ""Cavity R-Value"")['R-IP']","%= (1/codes.lookup(""Opaque Envelope Requirements | Climate Zone #{climate_zone}"", ""Walls Above Grade | Mass Heavy"", ""Maximum U-Factor"")-1.49)['R-IP']","%= (1/codes.lookup(""Opaque Envelope Requirements | Climate Zone #{climate_zone}"", ""Roofs | Metal Buildings"", ""Maximum U-Factor"")-0.78)['R-IP']","%= (codes.lookup(""Fenestration Requirements | Climate Zone #{climate_zone}"", ""Fixed Window"", ""U-Factor""))['U-IP']","%= (codes.lookup(""Fenestration Requirements | Climate Zone #{climate_zone}"", ""Fixed Window"", ""SHGC""))","%= (codes.lookup(""Fenestration Requirements | Climate Zone #{climate_zone}"", ""Fixed Window"", ""VT""))","%= ((1/codes.lookup(""Opaque Envelope Requirements | Climate Zone #{climate_zone}"", ""Floors | Other"", ""Maximum U-Factor""))-4.261)['R-IP']",,,,,,"%= codes.lookup(""Lighting Power Density"", ""retail_sales"", ""LPD"")['W/ft2']",,,,,,,,,,,,,,,,,,,,,,,"%= codes.lookup(""Economizer Setpoints"", ""#{climate_zone}"", ""Fixed Drybulb"")['F']"
#,RtL&0&cAVVG&Ex&Chiller __AirCldScrewChlr ,RtL/templates/root.pxt,Mass Heavy,"%= codes.lookup(""Opaque Envelope Requirements | Climate Zone #{climate_zone}"", ""Walls Above Grade | Mass Heavy"", ""Cavity R-Value"")['R-IP']","%= (1/codes.lookup(""Opaque Envelope Requirements | Climate Zone #{climate_zone}"", ""Walls Above Grade | Metal Framed"", ""Maximum U-Factor"")-1.49)['R-IP']","%= (1/codes.lookup(""Opaque Envelope Requirements | Climate Zone #{climate_zone}"", ""Roofs | Metal Buildings"", ""Maximum U-Factor"")-0.78)['R-IP']","%= (codes.lookup(""Fenestration Requirements | Climate Zone #{climate_zone}"", ""Fixed Window"", ""U-Factor""))['U-IP']","%= (codes.lookup(""Fenestration Requirements | Climate Zone #{climate_zone}"", ""Fixed Window"", ""SHGC""))","%= (codes.lookup(""Fenestration Requirements | Climate Zone #{climate_zone}"", ""Fixed Window"", ""VT""))","%= ((1/codes.lookup(""Opaque Envelope Requirements | Climate Zone #{climate_zone}"", ""Floors | Other"", ""Maximum U-Factor""))-4.261)['R-IP']","%= codes.lookup(""Lighting Power Density"", ""office_large"", ""LPD"")['W/ft2']","%= codes.lookup(""Lighting Power Density"", ""kitchen"", ""LPD"")['W/ft2']",,,,"%= codes.lookup(""Lighting Power Density"", ""retail_sales"", ""LPD"")['W/ft2']","%= codes.lookup(""Lighting Power Density"", ""storage_warehouse"", ""LPD"")['W/ft2']",,,,,,,,,,,,"%= codes.lookup(""Lighting Power Density"", ""auto"", ""LPD"")['W/ft2']",,,,,,,,,,"%= codes.lookup(""Economizer Setpoints"", ""#{climate_zone}"", ""Fixed Drybulb"")['F']"
#,RtS&0&cAVVG&Ex&Chiller __AirCldScrewChlr ,RtS/templates/root.pxt,Mass Heavy,"%= codes.lookup(""Opaque Envelope Requirements | Climate Zone #{climate_zone}"", ""Walls Above Grade | Mass Heavy"", ""Cavity R-Value"")['R-IP']","%= (1/codes.lookup(""Opaque Envelope Requirements | Climate Zone #{climate_zone}"", ""Walls Above Grade | Mass Heavy"", ""Maximum U-Factor"")-1.49)['R-IP']","%= (1/codes.lookup(""Opaque Envelope Requirements | Climate Zone #{climate_zone}"", ""Roofs | Wood Framed and Other"", ""Maximum U-Factor"")-0.78)['R-IP']","%= (codes.lookup(""Fenestration Requirements | Climate Zone #{climate_zone}"", ""Fixed Window"", ""U-Factor""))['U-IP']","%= (codes.lookup(""Fenestration Requirements | Climate Zone #{climate_zone}"", ""Fixed Window"", ""SHGC""))","%= (codes.lookup(""Fenestration Requirements | Climate Zone #{climate_zone}"", ""Fixed Window"", ""VT""))","%= ((1/codes.lookup(""Opaque Envelope Requirements | Climate Zone #{climate_zone}"", ""Floors | Other"", ""Maximum U-Factor""))-4.261)['R-IP']",,,,,,"%= codes.lookup(""Lighting Power Density"", ""retail_sales"", ""LPD"")['W/ft2']","%= codes.lookup(""Lighting Power Density"", ""storage_warehouse"", ""LPD"")['W/ft2']",,,,,,,,,,,,,,,,,,,,,,"%= codes.lookup(""Economizer Setpoints"", ""#{climate_zone}"", ""Fixed Drybulb"")['F']"
#,SCn&0&cAVVG&Ex&Chiller __AirCldScrewChlr ,SCn/templates/root.pxt,Mass Heavy,"%= codes.lookup(""Opaque Envelope Requirements | Climate Zone #{climate_zone}"", ""Walls Above Grade | Mass Heavy"", ""Cavity R-Value"")['R-IP']","%= (1/codes.lookup(""Opaque Envelope Requirements | Climate Zone #{climate_zone}"", ""Walls Above Grade | Metal Framed"", ""Maximum U-Factor"")-1.49)['R-IP']","%= (1/codes.lookup(""Opaque Envelope Requirements | Climate Zone #{climate_zone}"", ""Roofs | Metal Buildings"", ""Maximum U-Factor"")-0.78)['R-IP']","%= (codes.lookup(""Fenestration Requirements | Climate Zone #{climate_zone}"", ""Fixed Window"", ""U-Factor""))['U-IP']","%= (codes.lookup(""Fenestration Requirements | Climate Zone #{climate_zone}"", ""Fixed Window"", ""SHGC""))","%= (codes.lookup(""Fenestration Requirements | Climate Zone #{climate_zone}"", ""Fixed Window"", ""VT""))","%= ((1/codes.lookup(""Opaque Envelope Requirements | Climate Zone #{climate_zone}"", ""Floors | Other"", ""Maximum U-Factor""))-4.261)['R-IP']",,,,,,,"%= codes.lookup(""Lighting Power Density"", ""storage_warehouse"", ""LPD"")['W/ft2']",,,,,,,,,,,,,,,,,,,,,,"%= codes.lookup(""Economizer Setpoints"", ""#{climate_zone}"", ""Fixed Drybulb"")['F']"
#,SUn&0&cAVVG&Ex&Chiller __AirCldScrewChlr ,SUn/templates/root.pxt,Mass Heavy,"%= codes.lookup(""Opaque Envelope Requirements | Climate Zone #{climate_zone}"", ""Walls Above Grade | Mass Heavy"", ""Cavity R-Value"")['R-IP']","%= (1/codes.lookup(""Opaque Envelope Requirements | Climate Zone #{climate_zone}"", ""Walls Above Grade | Mass Heavy"", ""Maximum U-Factor"")-1.49)['R-IP']","%= (1/codes.lookup(""Opaque Envelope Requirements | Climate Zone #{climate_zone}"", ""Roofs | Wood Framed and Other"", ""Maximum U-Factor"")-0.78)['R-IP']","%= (codes.lookup(""Fenestration Requirements | Climate Zone #{climate_zone}"", ""Fixed Window"", ""U-Factor""))['U-IP']","%= (codes.lookup(""Fenestration Requirements | Climate Zone #{climate_zone}"", ""Fixed Window"", ""SHGC""))","%= (codes.lookup(""Fenestration Requirements | Climate Zone #{climate_zone}"", ""Fixed Window"", ""VT""))","%= ((1/codes.lookup(""Opaque Envelope Requirements | Climate Zone #{climate_zone}"", ""Floors | Other"", ""Maximum U-Factor""))-4.261)['R-IP']",,,,,,,"%= codes.lookup(""Lighting Power Density"", ""storage_warehouse"", ""LPD"")['W/ft2']",,,,,,,,,,,,,,,,,,,,,,"%= codes.lookup(""Economizer Setpoints"", ""#{climate_zone}"", ""Fixed Drybulb"")['F']"
#,Wrf&0&cAVVG&Ex&Chiller __AirCldScrewChlr ,WRf/templates/root.pxt,Mass Heavy,"%= codes.lookup(""Opaque Envelope Requirements | Climate Zone #{climate_zone}"", ""Walls Above Grade | Mass Heavy"", ""Cavity R-Value"")['R-IP']","%= (1/codes.lookup(""Opaque Envelope Requirements | Climate Zone #{climate_zone}"", ""Walls Above Grade | Mass Heavy"", ""Maximum U-Factor"")-1.49)['R-IP']","%= (1/codes.lookup(""Opaque Envelope Requirements | Climate Zone #{climate_zone}"", ""Roofs | Wood Framed and Other"", ""Maximum U-Factor"")-0.78)['R-IP']","%= (codes.lookup(""Fenestration Requirements | Climate Zone #{climate_zone}"", ""Fixed Window"", ""U-Factor""))['U-IP']","%= (codes.lookup(""Fenestration Requirements | Climate Zone #{climate_zone}"", ""Fixed Window"", ""SHGC""))","%= (codes.lookup(""Fenestration Requirements | Climate Zone #{climate_zone}"", ""Fixed Window"", ""VT""))","%= ((1/codes.lookup(""Opaque Envelope Requirements | Climate Zone #{climate_zone}"", ""Floors | Other"", ""Maximum U-Factor""))-4.261)['R-IP']",,,,,,,"%= codes.lookup(""Lighting Power Density"", ""storage_warehouse"", ""LPD"")['W/ft2']",,,,,,,,,,,,,,,,,,,,,,"%= codes.lookup(""Economizer Setpoints"", ""#{climate_zone}"", ""Fixed Drybulb"")['F']"
