skip,cohort,root,wall_type,:wall_base_cavity_insul,:wall_base_cont_insul,:roof_base_cont_insul,:window_u,:window_shgc,:window_transmittance,:floor_base_cont_insul
#,Asm&0&rDXHP&Ex&HV_AirDist__SupFanMtr,Asm/templates/root.pxt,Mass Heavy,"%= codes.lookup(""Opaque Envelope Requirements | Climate Zone #{climate_zone}"", ""Walls Above Grade | Mass Heavy"", ""Cavity R-Value"")['R-IP']","%= (1/codes.lookup(""Opaque Envelope Requirements | Climate Zone #{climate_zone}"", ""Walls Above Grade | Metal Framed"", ""Maximum U-Factor"")-1.49)['R-IP']","%= (1/codes.lookup(""Opaque Envelope Requirements | Climate Zone #{climate_zone}"", ""Roofs | Metal Buildings"", ""Maximum U-Factor"")-0.78)['R-IP']","%= (codes.lookup(""Fenestration Requirements | Climate Zone #{climate_zone}"", ""Fixed Window"", ""U-Factor""))['U-IP']","%= (codes.lookup(""Fenestration Requirements | Climate Zone #{climate_zone}"", ""Fixed Window"", ""SHGC""))","%= (codes.lookup(""Fenestration Requirements | Climate Zone #{climate_zone}"", ""Fixed Window"", ""VT""))","%= ((1/codes.lookup(""Opaque Envelope Requirements | Climate Zone #{climate_zone}"", ""Floors | Other"", ""Maximum U-Factor""))-4.261)['R-IP']"
#,ECC&0&rDXHP&Ex&HV_AirDist__SupFanMtr,ECC/templates/root.pxt,Mass Heavy,"%= codes.lookup(""Opaque Envelope Requirements | Climate Zone #{climate_zone}"", ""Walls Above Grade | Mass Heavy"", ""Cavity R-Value"")['R-IP']","%= (1/codes.lookup(""Opaque Envelope Requirements | Climate Zone #{climate_zone}"", ""Walls Above Grade | Mass Heavy"", ""Maximum U-Factor"")-1.49)['R-IP']","%= (1/codes.lookup(""Opaque Envelope Requirements | Climate Zone #{climate_zone}"", ""Roofs | Metal Buildings"", ""Maximum U-Factor"")-0.78)['R-IP']","%= (codes.lookup(""Fenestration Requirements | Climate Zone #{climate_zone}"", ""Fixed Window"", ""U-Factor""))['U-IP']","%= (codes.lookup(""Fenestration Requirements | Climate Zone #{climate_zone}"", ""Fixed Window"", ""SHGC""))","%= (codes.lookup(""Fenestration Requirements | Climate Zone #{climate_zone}"", ""Fixed Window"", ""VT""))","%= ((1/codes.lookup(""Opaque Envelope Requirements | Climate Zone #{climate_zone}"", ""Floors | Other"", ""Maximum U-Factor""))-4.261)['R-IP']"
#,EPr&0&rDXHP&Ex&HV_AirDist__SupFanMtr,EPr/templates/root.pxt,Wood Frame,"%= codes.lookup(""Opaque Envelope Requirements | Climate Zone #{climate_zone}"", ""Walls Above Grade | Wood Framed and Other"", ""Cavity R-Value"")['R-IP']","%= (1/codes.lookup(""Opaque Envelope Requirements | Climate Zone #{climate_zone}"", ""Walls Above Grade | Wood Framed and Other"", ""Maximum U-Factor"")-1.49)['R-IP']","%= (1/codes.lookup(""Opaque Envelope Requirements | Climate Zone #{climate_zone}"", ""Roofs | Wood Framed and Other"", ""Maximum U-Factor"")-0.78)['R-IP']","%= (codes.lookup(""Fenestration Requirements | Climate Zone #{climate_zone}"", ""Fixed Window"", ""U-Factor""))['U-IP']","%= (codes.lookup(""Fenestration Requirements | Climate Zone #{climate_zone}"", ""Fixed Window"", ""SHGC""))","%= (codes.lookup(""Fenestration Requirements | Climate Zone #{climate_zone}"", ""Fixed Window"", ""VT""))","%= ((1/codes.lookup(""Opaque Envelope Requirements | Climate Zone #{climate_zone}"", ""Floors | Other"", ""Maximum U-Factor""))-4.261)['R-IP']"
#,ERC&0&rDXHP&Ex&HV_AirDist__SupFanMtr,ERC/templates/root.pxt,Wood Frame,"%= codes.lookup(""Opaque Envelope Requirements | Climate Zone #{climate_zone}"", ""Walls Above Grade | Wood Framed and Other"", ""Cavity R-Value"")['R-IP']","%= (1/codes.lookup(""Opaque Envelope Requirements | Climate Zone #{climate_zone}"", ""Walls Above Grade | Wood Framed and Other"", ""Maximum U-Factor"")-1.49)['R-IP']","%= (1/codes.lookup(""Opaque Envelope Requirements | Climate Zone #{climate_zone}"", ""Roofs | Wood Framed and Other"", ""Maximum U-Factor"")-0.78)['R-IP']","%= (codes.lookup(""Fenestration Requirements | Climate Zone #{climate_zone}"", ""Fixed Window"", ""U-Factor""))['U-IP']","%= (codes.lookup(""Fenestration Requirements | Climate Zone #{climate_zone}"", ""Fixed Window"", ""SHGC""))","%= (codes.lookup(""Fenestration Requirements | Climate Zone #{climate_zone}"", ""Fixed Window"", ""VT""))","%= ((1/codes.lookup(""Opaque Envelope Requirements | Climate Zone #{climate_zone}"", ""Floors | Other"", ""Maximum U-Factor""))-4.261)['R-IP']"
#,ESe&0&rDXHP&Ex&HV_AirDist__SupFanMtr,ESe/templates/root.pxt,Mass Heavy,"%= codes.lookup(""Opaque Envelope Requirements | Climate Zone #{climate_zone}"", ""Walls Above Grade | Mass Heavy"", ""Cavity R-Value"")['R-IP']","%= (1/codes.lookup(""Opaque Envelope Requirements | Climate Zone #{climate_zone}"", ""Walls Above Grade | Mass Heavy"", ""Maximum U-Factor"")-1.49)['R-IP']","%= (1/codes.lookup(""Opaque Envelope Requirements | Climate Zone #{climate_zone}"", ""Roofs | Wood Framed and Other"", ""Maximum U-Factor"")-0.78)['R-IP']","%= (codes.lookup(""Fenestration Requirements | Climate Zone #{climate_zone}"", ""Fixed Window"", ""U-Factor""))['U-IP']","%= (codes.lookup(""Fenestration Requirements | Climate Zone #{climate_zone}"", ""Fixed Window"", ""SHGC""))","%= (codes.lookup(""Fenestration Requirements | Climate Zone #{climate_zone}"", ""Fixed Window"", ""VT""))","%= ((1/codes.lookup(""Opaque Envelope Requirements | Climate Zone #{climate_zone}"", ""Floors | Other"", ""Maximum U-Factor""))-4.261)['R-IP']"
#,EUn&0&rDXHP&Ex&HV_AirDist__SupFanMtr,EUn/templates/root.pxt,Mass Heavy,"%= codes.lookup(""Opaque Envelope Requirements | Climate Zone #{climate_zone}"", ""Walls Above Grade | Mass Heavy"", ""Cavity R-Value"")['R-IP']","%= (1/codes.lookup(""Opaque Envelope Requirements | Climate Zone #{climate_zone}"", ""Walls Above Grade | Metal Framed"", ""Maximum U-Factor"")-1.49)['R-IP']","%= (1/codes.lookup(""Opaque Envelope Requirements | Climate Zone #{climate_zone}"", ""Roofs | Metal Buildings"", ""Maximum U-Factor"")-0.78)['R-IP']","%= (codes.lookup(""Fenestration Requirements | Climate Zone #{climate_zone}"", ""Fixed Window"", ""U-Factor""))['U-IP']","%= (codes.lookup(""Fenestration Requirements | Climate Zone #{climate_zone}"", ""Fixed Window"", ""SHGC""))","%= (codes.lookup(""Fenestration Requirements | Climate Zone #{climate_zone}"", ""Fixed Window"", ""VT""))","%= ((1/codes.lookup(""Opaque Envelope Requirements | Climate Zone #{climate_zone}"", ""Floors | Other"", ""Maximum U-Factor""))-4.261)['R-IP']"
#,Fin&0&rDXHP&Ex&HV_AirDist__SupFanMtr,Fin/templates/root.pxt,steel-frame,"%= codes.lookup(""Opaque Envelope Requirements | Climate Zone #{climate_zone}"", ""Walls Above Grade | Metal Framed"", ""Cavity R-Value"")['R-IP']","%= (1/codes.lookup(""Opaque Envelope Requirements | Climate Zone #{climate_zone}"", ""Walls Above Grade | Metal Framed"", ""Maximum U-Factor"")-1.49)['R-IP']","%= (1/codes.lookup(""Opaque Envelope Requirements | Climate Zone #{climate_zone}"", ""Roofs | Wood Framed and Other"", ""Maximum U-Factor"")-0.78)['R-IP']","%= (codes.lookup(""Fenestration Requirements | Climate Zone #{climate_zone}"", ""Fixed Window"", ""U-Factor""))['U-IP']","%= (codes.lookup(""Fenestration Requirements | Climate Zone #{climate_zone}"", ""Fixed Window"", ""SHGC""))","%= (codes.lookup(""Fenestration Requirements | Climate Zone #{climate_zone}"", ""Fixed Window"", ""VT""))","%= ((1/codes.lookup(""Opaque Envelope Requirements | Climate Zone #{climate_zone}"", ""Floors | Other"", ""Maximum U-Factor""))-4.261)['R-IP']"
#,Gro&0&rDXHP&Ex&HV_AirDist__SupFanMtr,Gro/templates/root.pxt,Mass Heavy,"%= codes.lookup(""Opaque Envelope Requirements | Climate Zone #{climate_zone}"", ""Walls Above Grade | Mass Heavy"", ""Cavity R-Value"")['R-IP']","%= (1/codes.lookup(""Opaque Envelope Requirements | Climate Zone #{climate_zone}"", ""Walls Above Grade | Metal Framed"", ""Maximum U-Factor"")-1.49)['R-IP']","%= (1/codes.lookup(""Opaque Envelope Requirements | Climate Zone #{climate_zone}"", ""Roofs | Metal Buildings"", ""Maximum U-Factor"")-0.78)['R-IP']","%= (codes.lookup(""Fenestration Requirements | Climate Zone #{climate_zone}"", ""Fixed Window"", ""U-Factor""))['U-IP']","%= (codes.lookup(""Fenestration Requirements | Climate Zone #{climate_zone}"", ""Fixed Window"", ""SHGC""))","%= (codes.lookup(""Fenestration Requirements | Climate Zone #{climate_zone}"", ""Fixed Window"", ""VT""))","%= ((1/codes.lookup(""Opaque Envelope Requirements | Climate Zone #{climate_zone}"", ""Floors | Other"", ""Maximum U-Factor""))-4.261)['R-IP']"
#,Hsp&0&rDXHP&Ex&HV_AirDist__SupFanMtr,Hsp/templates/root.pxt,Mass Heavy,"%= codes.lookup(""Opaque Envelope Requirements | Climate Zone #{climate_zone}"", ""Walls Above Grade | Mass Heavy"", ""Cavity R-Value"")['R-IP']","%= (1/codes.lookup(""Opaque Envelope Requirements | Climate Zone #{climate_zone}"", ""Walls Above Grade | Mass Heavy"", ""Maximum U-Factor"")-1.49)['R-IP']","%= (1/codes.lookup(""Opaque Envelope Requirements | Climate Zone #{climate_zone}"", ""Roofs | Metal Buildings"", ""Maximum U-Factor"")-0.78)['R-IP']","%= (codes.lookup(""Fenestration Requirements | Climate Zone #{climate_zone}"", ""Fixed Window"", ""U-Factor""))['U-IP']","%= (codes.lookup(""Fenestration Requirements | Climate Zone #{climate_zone}"", ""Fixed Window"", ""SHGC""))","%= (codes.lookup(""Fenestration Requirements | Climate Zone #{climate_zone}"", ""Fixed Window"", ""VT""))","%= ((1/codes.lookup(""Opaque Envelope Requirements | Climate Zone #{climate_zone}"", ""Floors | Other"", ""Maximum U-Factor""))-4.261)['R-IP']"
,Htl&0&rDXHP&Ex&HV_AirDist__SupFanMtr,Htl/templates/root.pxt,Mass Heavy,"%= codes.lookup(""Opaque Envelope Requirements | Climate Zone #{climate_zone}"", ""Walls Above Grade | Mass Heavy"", ""Cavity R-Value"")['R-IP']","%= (1/codes.lookup(""Opaque Envelope Requirements | Climate Zone #{climate_zone}"", ""Walls Above Grade | Metal Framed"", ""Maximum U-Factor"")-1.49)['R-IP']","%= (1/codes.lookup(""Opaque Envelope Requirements | Climate Zone #{climate_zone}"", ""Roofs | Metal Buildings"", ""Maximum U-Factor"")-0.78)['R-IP']","%= (codes.lookup(""Fenestration Requirements | Climate Zone #{climate_zone}"", ""Fixed Window"", ""U-Factor""))['U-IP']","%= (codes.lookup(""Fenestration Requirements | Climate Zone #{climate_zone}"", ""Fixed Window"", ""SHGC""))","%= (codes.lookup(""Fenestration Requirements | Climate Zone #{climate_zone}"", ""Fixed Window"", ""VT""))","%= ((1/codes.lookup(""Opaque Envelope Requirements | Climate Zone #{climate_zone}"", ""Floors | Other"", ""Maximum U-Factor""))-4.261)['R-IP']"
#,Lib&0&rDXHP&Ex&HV_AirDist__SupFanMtr,Lib/templates/root.pxt,steel-frame,"%= codes.lookup(""Opaque Envelope Requirements | Climate Zone #{climate_zone}"", ""Walls Above Grade | Metal Framed"", ""Cavity R-Value"")['R-IP']","%= (1/codes.lookup(""Opaque Envelope Requirements | Climate Zone #{climate_zone}"", ""Walls Above Grade | Metal Framed"", ""Maximum U-Factor"")-1.49)['R-IP']","%= (1/codes.lookup(""Opaque Envelope Requirements | Climate Zone #{climate_zone}"", ""Roofs | Wood Framed and Other"", ""Maximum U-Factor"")-0.78)['R-IP']","%= (codes.lookup(""Fenestration Requirements | Climate Zone #{climate_zone}"", ""Fixed Window"", ""U-Factor""))['U-IP']","%= (codes.lookup(""Fenestration Requirements | Climate Zone #{climate_zone}"", ""Fixed Window"", ""SHGC""))","%= (codes.lookup(""Fenestration Requirements | Climate Zone #{climate_zone}"", ""Fixed Window"", ""VT""))","%= ((1/codes.lookup(""Opaque Envelope Requirements | Climate Zone #{climate_zone}"", ""Floors | Other"", ""Maximum U-Factor""))-4.261)['R-IP']"
#,MBT&0&rDXHP&Ex&HV_AirDist__SupFanMtr,MBT/templates/root.pxt,Metal Frame,"%= codes.lookup(""Opaque Envelope Requirements | Climate Zone #{climate_zone}"", ""Walls Above Grade | Metal Framed"", ""Cavity R-Value"")['R-IP']","%= (1/codes.lookup(""Opaque Envelope Requirements | Climate Zone #{climate_zone}"", ""Walls Above Grade | Metal Framed"", ""Maximum U-Factor"")-1.49)['R-IP']","%= (1/codes.lookup(""Opaque Envelope Requirements | Climate Zone #{climate_zone}"", ""Roofs | Metal Buildings"", ""Maximum U-Factor"")-0.78)['R-IP']","%= (codes.lookup(""Fenestration Requirements | Climate Zone #{climate_zone}"", ""Fixed Window"", ""U-Factor""))['U-IP']","%= (codes.lookup(""Fenestration Requirements | Climate Zone #{climate_zone}"", ""Fixed Window"", ""SHGC""))","%= (codes.lookup(""Fenestration Requirements | Climate Zone #{climate_zone}"", ""Fixed Window"", ""VT""))","%= ((1/codes.lookup(""Opaque Envelope Requirements | Climate Zone #{climate_zone}"", ""Floors | Other"", ""Maximum U-Factor""))-4.261)['R-IP']"
#,MLI&0&rDXHP&Ex&HV_AirDist__SupFanMtr,MLI/templates/root.pxt,Mass Heavy,"%= codes.lookup(""Opaque Envelope Requirements | Climate Zone #{climate_zone}"", ""Walls Above Grade | Mass Heavy"", ""Cavity R-Value"")['R-IP']","%= (1/codes.lookup(""Opaque Envelope Requirements | Climate Zone #{climate_zone}"", ""Walls Above Grade | Metal Framed"", ""Maximum U-Factor"")-1.49)['R-IP']","%= (1/codes.lookup(""Opaque Envelope Requirements | Climate Zone #{climate_zone}"", ""Roofs | Metal Buildings"", ""Maximum U-Factor"")-0.78)['R-IP']","%= (codes.lookup(""Fenestration Requirements | Climate Zone #{climate_zone}"", ""Fixed Window"", ""U-Factor""))['U-IP']","%= (codes.lookup(""Fenestration Requirements | Climate Zone #{climate_zone}"", ""Fixed Window"", ""SHGC""))","%= (codes.lookup(""Fenestration Requirements | Climate Zone #{climate_zone}"", ""Fixed Window"", ""VT""))","%= ((1/codes.lookup(""Opaque Envelope Requirements | Climate Zone #{climate_zone}"", ""Floors | Other"", ""Maximum U-Factor""))-4.261)['R-IP']"
#,Mtl&0&rDXHP&Ex&HV_AirDist__SupFanMtr,Mtl/templates/root.pxt,Wood Frame,"%= codes.lookup(""Opaque Envelope Requirements | Climate Zone #{climate_zone}"", ""Walls Above Grade | Wood Framed and Other"", ""Cavity R-Value"")['R-IP']","%= (1/codes.lookup(""Opaque Envelope Requirements | Climate Zone #{climate_zone}"", ""Walls Above Grade | Wood Framed and Other"", ""Maximum U-Factor"")-1.49)['R-IP']","%= (1/codes.lookup(""Opaque Envelope Requirements | Climate Zone #{climate_zone}"", ""Roofs | Wood Framed and Other"", ""Maximum U-Factor"")-0.78)['R-IP']","%= (codes.lookup(""Fenestration Requirements | Climate Zone #{climate_zone}"", ""Fixed Window"", ""U-Factor""))['U-IP']","%= (codes.lookup(""Fenestration Requirements | Climate Zone #{climate_zone}"", ""Fixed Window"", ""SHGC""))","%= (codes.lookup(""Fenestration Requirements | Climate Zone #{climate_zone}"", ""Fixed Window"", ""VT""))","%= ((1/codes.lookup(""Opaque Envelope Requirements | Climate Zone #{climate_zone}"", ""Floors | Other"", ""Maximum U-Factor""))-4.261)['R-IP']"
#,Nrs&0&rDXHP&Ex&HV_AirDist__SupFanMtr,Nrs/templates/root.pxt,Wood Frame,"%= codes.lookup(""Opaque Envelope Requirements | Climate Zone #{climate_zone}"", ""Walls Above Grade | Wood Framed and Other"", ""Cavity R-Value"")['R-IP']","%= (1/codes.lookup(""Opaque Envelope Requirements | Climate Zone #{climate_zone}"", ""Walls Above Grade | Wood Framed and Other"", ""Maximum U-Factor"")-1.49)['R-IP']","%= (1/codes.lookup(""Opaque Envelope Requirements | Climate Zone #{climate_zone}"", ""Roofs | Wood Framed and Other"", ""Maximum U-Factor"")-0.78)['R-IP']","%= (codes.lookup(""Fenestration Requirements | Climate Zone #{climate_zone}"", ""Fixed Window"", ""U-Factor""))['U-IP']","%= (codes.lookup(""Fenestration Requirements | Climate Zone #{climate_zone}"", ""Fixed Window"", ""SHGC""))","%= (codes.lookup(""Fenestration Requirements | Climate Zone #{climate_zone}"", ""Fixed Window"", ""VT""))","%= ((1/codes.lookup(""Opaque Envelope Requirements | Climate Zone #{climate_zone}"", ""Floors | Other"", ""Maximum U-Factor""))-4.261)['R-IP']"
#,OfL&0&rDXHP&Ex&HV_AirDist__SupFanMtr,OfL/templates/root.pxt,Metal Frame,"%= codes.lookup(""Opaque Envelope Requirements | Climate Zone #{climate_zone}"", ""Walls Above Grade | Metal Framed"", ""Cavity R-Value"")['R-IP']","%= (1/codes.lookup(""Opaque Envelope Requirements | Climate Zone #{climate_zone}"", ""Walls Above Grade | Metal Framed"", ""Maximum U-Factor"")-1.49)['R-IP']","%= (1/codes.lookup(""Opaque Envelope Requirements | Climate Zone #{climate_zone}"", ""Roofs | Metal Buildings"", ""Maximum U-Factor"")-0.78)['R-IP']","%= (codes.lookup(""Fenestration Requirements | Climate Zone #{climate_zone}"", ""Fixed Window"", ""U-Factor""))['U-IP']","%= (codes.lookup(""Fenestration Requirements | Climate Zone #{climate_zone}"", ""Fixed Window"", ""SHGC""))","%= (codes.lookup(""Fenestration Requirements | Climate Zone #{climate_zone}"", ""Fixed Window"", ""VT""))","%= ((1/codes.lookup(""Opaque Envelope Requirements | Climate Zone #{climate_zone}"", ""Floors | Other"", ""Maximum U-Factor""))-4.261)['R-IP']"
#,OfS&0&rDXHP&Ex&HV_AirDist__SupFanMtr,OfS/templates/root.pxt,Wood Frame,"%= codes.lookup(""Opaque Envelope Requirements | Climate Zone #{climate_zone}"", ""Walls Above Grade | Wood Framed and Other"", ""Cavity R-Value"")['R-IP']","%= (1/codes.lookup(""Opaque Envelope Requirements | Climate Zone #{climate_zone}"", ""Walls Above Grade | Wood Framed and Other"", ""Maximum U-Factor"")-1.49)['R-IP']","%= (1/codes.lookup(""Opaque Envelope Requirements | Climate Zone #{climate_zone}"", ""Roofs | Wood Framed and Other"", ""Maximum U-Factor"")-0.78)['R-IP']","%= (codes.lookup(""Fenestration Requirements | Climate Zone #{climate_zone}"", ""Fixed Window"", ""U-Factor""))['U-IP']","%= (codes.lookup(""Fenestration Requirements | Climate Zone #{climate_zone}"", ""Fixed Window"", ""SHGC""))","%= (codes.lookup(""Fenestration Requirements | Climate Zone #{climate_zone}"", ""Fixed Window"", ""VT""))","%= ((1/codes.lookup(""Opaque Envelope Requirements | Climate Zone #{climate_zone}"", ""Floors | Other"", ""Maximum U-Factor""))-4.261)['R-IP']"
#,Rel&0&rDXHP&Ex&HV_AirDist__SupFanMtr,Rel/templates/root.pxt,steel-frame,"%= codes.lookup(""Opaque Envelope Requirements | Climate Zone #{climate_zone}"", ""Walls Above Grade | Metal Framed"", ""Cavity R-Value"")['R-IP']","%= (1/codes.lookup(""Opaque Envelope Requirements | Climate Zone #{climate_zone}"", ""Walls Above Grade | Metal Framed"", ""Maximum U-Factor"")-1.49)['R-IP']","%= (1/codes.lookup(""Opaque Envelope Requirements | Climate Zone #{climate_zone}"", ""Roofs | Wood Framed and Other"", ""Maximum U-Factor"")-0.78)['R-IP']","%= (codes.lookup(""Fenestration Requirements | Climate Zone #{climate_zone}"", ""Fixed Window"", ""U-Factor""))['U-IP']","%= (codes.lookup(""Fenestration Requirements | Climate Zone #{climate_zone}"", ""Fixed Window"", ""SHGC""))","%= (codes.lookup(""Fenestration Requirements | Climate Zone #{climate_zone}"", ""Fixed Window"", ""VT""))","%= ((1/codes.lookup(""Opaque Envelope Requirements | Climate Zone #{climate_zone}"", ""Floors | Other"", ""Maximum U-Factor""))-4.261)['R-IP']"
#,RFF&0&rDXHP&Ex&HV_AirDist__SupFanMtr,RFF/templates/root.pxt,Mass Heavy,"%= codes.lookup(""Opaque Envelope Requirements | Climate Zone #{climate_zone}"", ""Walls Above Grade | Mass Heavy"", ""Cavity R-Value"")['R-IP']","%= (1/codes.lookup(""Opaque Envelope Requirements | Climate Zone #{climate_zone}"", ""Walls Above Grade | Mass Heavy"", ""Maximum U-Factor"")-1.49)['R-IP']","%= (1/codes.lookup(""Opaque Envelope Requirements | Climate Zone #{climate_zone}"", ""Roofs | Wood Framed and Other"", ""Maximum U-Factor"")-0.78)['R-IP']","%= (codes.lookup(""Fenestration Requirements | Climate Zone #{climate_zone}"", ""Fixed Window"", ""U-Factor""))['U-IP']","%= (codes.lookup(""Fenestration Requirements | Climate Zone #{climate_zone}"", ""Fixed Window"", ""SHGC""))","%= (codes.lookup(""Fenestration Requirements | Climate Zone #{climate_zone}"", ""Fixed Window"", ""VT""))","%= ((1/codes.lookup(""Opaque Envelope Requirements | Climate Zone #{climate_zone}"", ""Floors | Other"", ""Maximum U-Factor""))-4.261)['R-IP']"
#,RSD&0&rDXHP&Ex&HV_AirDist__SupFanMtr,RSD/templates/root.pxt,Wood Frame,"%= codes.lookup(""Opaque Envelope Requirements | Climate Zone #{climate_zone}"", ""Walls Above Grade | Wood Framed and Other"", ""Cavity R-Value"")['R-IP']","%= (1/codes.lookup(""Opaque Envelope Requirements | Climate Zone #{climate_zone}"", ""Walls Above Grade | Wood Framed and Other"", ""Maximum U-Factor"")-1.49)['R-IP']","%= (1/codes.lookup(""Opaque Envelope Requirements | Climate Zone #{climate_zone}"", ""Roofs | Wood Framed and Other"", ""Maximum U-Factor"")-0.78)['R-IP']","%= (codes.lookup(""Fenestration Requirements | Climate Zone #{climate_zone}"", ""Fixed Window"", ""U-Factor""))['U-IP']","%= (codes.lookup(""Fenestration Requirements | Climate Zone #{climate_zone}"", ""Fixed Window"", ""SHGC""))","%= (codes.lookup(""Fenestration Requirements | Climate Zone #{climate_zone}"", ""Fixed Window"", ""VT""))","%= ((1/codes.lookup(""Opaque Envelope Requirements | Climate Zone #{climate_zone}"", ""Floors | Other"", ""Maximum U-Factor""))-4.261)['R-IP']"
#,Rt3&0&rDXHP&Ex&HV_AirDist__SupFanMtr,Rt3/templates/root.pxt,Mass Heavy,"%= codes.lookup(""Opaque Envelope Requirements | Climate Zone #{climate_zone}"", ""Walls Above Grade | Mass Heavy"", ""Cavity R-Value"")['R-IP']","%= (1/codes.lookup(""Opaque Envelope Requirements | Climate Zone #{climate_zone}"", ""Walls Above Grade | Mass Heavy"", ""Maximum U-Factor"")-1.49)['R-IP']","%= (1/codes.lookup(""Opaque Envelope Requirements | Climate Zone #{climate_zone}"", ""Roofs | Metal Buildings"", ""Maximum U-Factor"")-0.78)['R-IP']","%= (codes.lookup(""Fenestration Requirements | Climate Zone #{climate_zone}"", ""Fixed Window"", ""U-Factor""))['U-IP']","%= (codes.lookup(""Fenestration Requirements | Climate Zone #{climate_zone}"", ""Fixed Window"", ""SHGC""))","%= (codes.lookup(""Fenestration Requirements | Climate Zone #{climate_zone}"", ""Fixed Window"", ""VT""))","%= ((1/codes.lookup(""Opaque Envelope Requirements | Climate Zone #{climate_zone}"", ""Floors | Other"", ""Maximum U-Factor""))-4.261)['R-IP']"
#,RtL&0&rDXHP&Ex&HV_AirDist__SupFanMtr,RtL/templates/root.pxt,Mass Heavy,"%= codes.lookup(""Opaque Envelope Requirements | Climate Zone #{climate_zone}"", ""Walls Above Grade | Mass Heavy"", ""Cavity R-Value"")['R-IP']","%= (1/codes.lookup(""Opaque Envelope Requirements | Climate Zone #{climate_zone}"", ""Walls Above Grade | Metal Framed"", ""Maximum U-Factor"")-1.49)['R-IP']","%= (1/codes.lookup(""Opaque Envelope Requirements | Climate Zone #{climate_zone}"", ""Roofs | Metal Buildings"", ""Maximum U-Factor"")-0.78)['R-IP']","%= (codes.lookup(""Fenestration Requirements | Climate Zone #{climate_zone}"", ""Fixed Window"", ""U-Factor""))['U-IP']","%= (codes.lookup(""Fenestration Requirements | Climate Zone #{climate_zone}"", ""Fixed Window"", ""SHGC""))","%= (codes.lookup(""Fenestration Requirements | Climate Zone #{climate_zone}"", ""Fixed Window"", ""VT""))","%= ((1/codes.lookup(""Opaque Envelope Requirements | Climate Zone #{climate_zone}"", ""Floors | Other"", ""Maximum U-Factor""))-4.261)['R-IP']"
#,RtS&0&rDXHP&Ex&HV_AirDist__SupFanMtr,RtS/templates/root.pxt,Mass Heavy,"%= codes.lookup(""Opaque Envelope Requirements | Climate Zone #{climate_zone}"", ""Walls Above Grade | Mass Heavy"", ""Cavity R-Value"")['R-IP']","%= (1/codes.lookup(""Opaque Envelope Requirements | Climate Zone #{climate_zone}"", ""Walls Above Grade | Mass Heavy"", ""Maximum U-Factor"")-1.49)['R-IP']","%= (1/codes.lookup(""Opaque Envelope Requirements | Climate Zone #{climate_zone}"", ""Roofs | Wood Framed and Other"", ""Maximum U-Factor"")-0.78)['R-IP']","%= (codes.lookup(""Fenestration Requirements | Climate Zone #{climate_zone}"", ""Fixed Window"", ""U-Factor""))['U-IP']","%= (codes.lookup(""Fenestration Requirements | Climate Zone #{climate_zone}"", ""Fixed Window"", ""SHGC""))","%= (codes.lookup(""Fenestration Requirements | Climate Zone #{climate_zone}"", ""Fixed Window"", ""VT""))","%= ((1/codes.lookup(""Opaque Envelope Requirements | Climate Zone #{climate_zone}"", ""Floors | Other"", ""Maximum U-Factor""))-4.261)['R-IP']"
#,SCn&0&rDXHP&Ex&HV_AirDist__SupFanMtr,SCn/templates/root.pxt,Mass Heavy,"%= codes.lookup(""Opaque Envelope Requirements | Climate Zone #{climate_zone}"", ""Walls Above Grade | Mass Heavy"", ""Cavity R-Value"")['R-IP']","%= (1/codes.lookup(""Opaque Envelope Requirements | Climate Zone #{climate_zone}"", ""Walls Above Grade | Metal Framed"", ""Maximum U-Factor"")-1.49)['R-IP']","%= (1/codes.lookup(""Opaque Envelope Requirements | Climate Zone #{climate_zone}"", ""Roofs | Metal Buildings"", ""Maximum U-Factor"")-0.78)['R-IP']","%= (codes.lookup(""Fenestration Requirements | Climate Zone #{climate_zone}"", ""Fixed Window"", ""U-Factor""))['U-IP']","%= (codes.lookup(""Fenestration Requirements | Climate Zone #{climate_zone}"", ""Fixed Window"", ""SHGC""))","%= (codes.lookup(""Fenestration Requirements | Climate Zone #{climate_zone}"", ""Fixed Window"", ""VT""))","%= ((1/codes.lookup(""Opaque Envelope Requirements | Climate Zone #{climate_zone}"", ""Floors | Other"", ""Maximum U-Factor""))-4.261)['R-IP']"
#,SUn&0&rDXHP&Ex&HV_AirDist__SupFanMtr,SUn/templates/root.pxt,Mass Heavy,"%= codes.lookup(""Opaque Envelope Requirements | Climate Zone #{climate_zone}"", ""Walls Above Grade | Mass Heavy"", ""Cavity R-Value"")['R-IP']","%= (1/codes.lookup(""Opaque Envelope Requirements | Climate Zone #{climate_zone}"", ""Walls Above Grade | Mass Heavy"", ""Maximum U-Factor"")-1.49)['R-IP']","%= (1/codes.lookup(""Opaque Envelope Requirements | Climate Zone #{climate_zone}"", ""Roofs | Wood Framed and Other"", ""Maximum U-Factor"")-0.78)['R-IP']","%= (codes.lookup(""Fenestration Requirements | Climate Zone #{climate_zone}"", ""Fixed Window"", ""U-Factor""))['U-IP']","%= (codes.lookup(""Fenestration Requirements | Climate Zone #{climate_zone}"", ""Fixed Window"", ""SHGC""))","%= (codes.lookup(""Fenestration Requirements | Climate Zone #{climate_zone}"", ""Fixed Window"", ""VT""))","%= ((1/codes.lookup(""Opaque Envelope Requirements | Climate Zone #{climate_zone}"", ""Floors | Other"", ""Maximum U-Factor""))-4.261)['R-IP']"
