title: 2001 California Efficiency Standards,,,,,
# PRESCRIPTIVE ENVELOPE CRITERIA FOR NONRESIDENTIAL BUILDINGS (INCLUDING RELOCATABLE PUBLIC SCHOOL BUILDINGS WHERE MANUFACTURER CERTIFIES USE ONLY IN SPECIFIC CLIMATE ZONE; NOT INCLUDING HIGH-RISE RESIDENTIAL BUILDINGS AND GUEST ROOMS OF HOTEL/MOTEL BUILDINGS),,,,,
# For opaque envelope: see Section 143-A Table NO. 1-I,,,,,
table:   Opaque Envelope Requirements | Climate Zone 1,,,,,
Envelope Component,Cavity R-Value,Continuous R-Value,Maximum U-Factor,Extent,Notes
Roofs | Metal Buildings,0,,0.057,,"NR Thermal Emittance, NR Aged Solar Reflectance"
Roofs | Wood Framed and Other,0,,0.057,,"NR Thermal Emittance, NR Aged Solar Reflectance"
Walls Above Grade | Metal Building,0,,0.182,,Air Barrier - Not Required
Walls Above Grade | Metal Framed,0,,0.182,,
Walls Above Grade | Mass Light,0,,0.34,,
Walls Above Grade | Mass Heavy,0,,0.36,,
Walls Above Grade | Wood Framed and Other,0,,0.084,,
Floors | Mass,,,0.097,,
Floors | Other,,,0.05,,
Slab-On-Grade Floors | Unheated Slabs,,,0.73,,Maximum is an F-Factor.
Slab-On-Grade Floors | Heated Slabs,,,0.2,16,"R-5 vertical insulation from top of slab down 16 inches or to the frost line, whichever is greater."
Opaque Doors | Non-Swinging,,,0.5,,
Opaque Doors | Swinging,,,0.7,,
,,,,,
table:   Opaque Envelope Requirements | Climate Zone 2,,,,,
Envelope Component,Cavity R-Value,Continuous R-Value,Maximum U-Factor,Extent,Notes
Roofs | Metal Buildings,0,,0.057,,"0.75 Thermal Emittance and 0.20 Aged Solar Reflectance (steep-sloped), 0.75 Thermal Emittance and 0.55 Aged Solar Reflectance (low-sloped)"
Roofs | Wood Framed and Other,0,,0.057,,"0.75 Thermal Emittance and 0.20 Aged Solar Reflectance (steep-sloped), 0.75 Thermal Emittance and 0.55 Aged Solar Reflectance (low-sloped)"
Walls Above Grade | Metal Building,0,,0.182,,Air Barrier - Not Required
Walls Above Grade | Metal Framed,0,,0.182,,
Walls Above Grade | Mass Light,0,,0.43,,
Walls Above Grade | Mass Heavy,0,,0.65,,
Walls Above Grade | Wood Framed and Other,0,,0.084,,
Floors | Mass,,,0.097,,
Floors | Other,,,0.076,,
Slab-On-Grade Floors | Unheated Slabs,,,0.73,,Maximum is an F-Factor.
Slab-On-Grade Floors | Heated Slabs,,,0.2,16,"R-5 vertical insulation from top of slab down 16 inches or to the frost line, whichever is greater."
Opaque Doors | Non-Swinging,,,1.45,,
Opaque Doors | Swinging,,,0.7,,
,,,,,
table:   Opaque Envelope Requirements | Climate Zone 3,,,,,
Envelope Component,Cavity R-Value,Continuous R-Value,Maximum U-Factor,Extent,Notes
Roofs | Metal Buildings,0,,0.057,,"0.75 Thermal Emittance and 0.20 Aged Solar Reflectance (steep-sloped), 0.75 Thermal Emittance and 0.55 Aged Solar Reflectance (low-sloped)"
Roofs | Wood Framed and Other,0,,0.057,,"0.75 Thermal Emittance and 0.20 Aged Solar Reflectance (steep-sloped), 0.75 Thermal Emittance and 0.55 Aged Solar Reflectance (low-sloped)"
Walls Above Grade | Metal Building,0,,0.189,,Air Barrier - Not Required
Walls Above Grade | Metal Framed,0,,0.189,,
Walls Above Grade | Mass Light,0,,0.43,,
Walls Above Grade | Mass Heavy,0,,0.65,,
Walls Above Grade | Wood Framed and Other,0,,0.092,,
Floors | Mass,,,0.158,,
Floors | Other,,,0.076,,
Slab-On-Grade Floors | Unheated Slabs,,,0.73,,Maximum is an F-Factor.
Slab-On-Grade Floors | Heated Slabs,,5,0.2,16,"R-5 vertical insulation from top of slab down 16 inches or to the frost line, whichever is greater."
Opaque Doors | Non-Swinging,,,1.45,,
Opaque Doors | Swinging,,,0.7,,
,,,,,
table:   Opaque Envelope Requirements | Climate Zone 4,,,,,
Envelope Component,Cavity R-Value,Continuous R-Value,Maximum U-Factor,Extent,Notes
Roofs | Metal Buildings,0,,0.057,,"0.75 Thermal Emittance and 0.20 Aged Solar Reflectance (steep-sloped), 0.75 Thermal Emittance and 0.55 Aged Solar Reflectance (low-sloped)"
Roofs | Wood Framed and Other,0,,0.057,,"0.75 Thermal Emittance and 0.20 Aged Solar Reflectance (steep-sloped), 0.75 Thermal Emittance and 0.55 Aged Solar Reflectance (low-sloped)"
Walls Above Grade | Metal Building,0,,0.189,,Air Barrier - Not Required
Walls Above Grade | Metal Framed,0,,0.189,,
Walls Above Grade | Mass Light,0,,0.43,,
Walls Above Grade | Mass Heavy,0,,0.65,,
Walls Above Grade | Wood Framed and Other,0,,0.092,,
Floors | Mass,,,0.158,,
Floors | Other,,,0.076,,
Slab-On-Grade Floors | Unheated Slabs,,,0.73,,Maximum is an F-Factor.
Slab-On-Grade Floors | Heated Slabs,,5,0.2,16,"R-5 vertical insulation from top of slab down 16 inches or to the frost line, whichever is greater."
Opaque Doors | Non-Swinging,,,1.45,,
Opaque Doors | Swinging,,,0.7,,
,,,,,
table:   Opaque Envelope Requirements | Climate Zone 5,,,,,
Envelope Component,Cavity R-Value,Continuous R-Value,Maximum U-Factor,Extent,Notes
Roofs | Metal Buildings,0,,0.057,,"0.75 Thermal Emittance and 0.20 Aged Solar Reflectance (steep-sloped), 0.75 Thermal Emittance and 0.55 Aged Solar Reflectance (low-sloped)"
Roofs | Wood Framed and Other,0,,0.057,,"0.75 Thermal Emittance and 0.20 Aged Solar Reflectance (steep-sloped), 0.75 Thermal Emittance and 0.55 Aged Solar Reflectance (low-sloped)"
Walls Above Grade | Metal Building,0,,0.189,,Air Barrier - Not Required
Walls Above Grade | Metal Framed,0,,0.189,,
Walls Above Grade | Mass Light,0,,0.43,,
Walls Above Grade | Mass Heavy,0,,0.65,,
Walls Above Grade | Wood Framed and Other,0,,0.092,,
Floors | Mass,,,0.158,,
Floors | Other,,,0.076,,
Slab-On-Grade Floors | Unheated Slabs,,,0.73,,Maximum is an F-Factor.
Slab-On-Grade Floors | Heated Slabs,,5,0.2,16,"R-5 vertical insulation from top of slab down 16 inches or to the frost line, whichever is greater."
Opaque Doors | Non-Swinging,,,1.45,,
Opaque Doors | Swinging,,,0.7,,
,,,,,
table:   Opaque Envelope Requirements | Climate Zone 6,,,,,
Envelope Component,Cavity R-Value,Continuous R-Value,Maximum U-Factor,Extent,Notes
Roofs | Metal Buildings,0,,0.078,,"0.75 Thermal Emittance and 0.20 Aged Solar Reflectance (steep-sloped), 0.75 Thermal Emittance and 0.55 Aged Solar Reflectance (low-sloped)"
Roofs | Wood Framed and Other,0,,0.078,,"0.75 Thermal Emittance and 0.20 Aged Solar Reflectance (steep-sloped), 0.75 Thermal Emittance and 0.55 Aged Solar Reflectance (low-sloped)"
Walls Above Grade | Metal Building,0,,0.189,,Air Barrier - Not Required
Walls Above Grade | Metal Framed,0,,0.189,,
Walls Above Grade | Mass Light,0,,0.43,,
Walls Above Grade | Mass Heavy,0,,0.69,,
Walls Above Grade | Wood Framed and Other,0,,0.092,,
Floors | Mass,,,0.158,,
Floors | Other,,,0.076,,
Slab-On-Grade Floors | Unheated Slabs,,,0.73,,Maximum is an F-Factor.
Slab-On-Grade Floors | Heated Slabs,,5,0.2,16,"R-5 vertical insulation from top of slab down 16 inches or to the frost line, whichever is greater."
Opaque Doors | Non-Swinging,,,1.45,,
Opaque Doors | Swinging,,,0.7,,
,,,,,
table:   Opaque Envelope Requirements | Climate Zone 7,,,,,
Envelope Component,Cavity R-Value,Continuous R-Value,Maximum U-Factor,Extent,Notes
Roofs | Metal Buildings,0,,0.078,,"0.75 Thermal Emittance and 0.20 Aged Solar Reflectance (steep-sloped), 0.75 Thermal Emittance and 0.55 Aged Solar Reflectance (low-sloped)"
Roofs | Wood Framed and Other,0,,0.078,,"0.75 Thermal Emittance and 0.20 Aged Solar Reflectance (steep-sloped), 0.75 Thermal Emittance and 0.55 Aged Solar Reflectance (low-sloped)"
Walls Above Grade | Metal Building,0,,0.189,,Air Barrier - Not Required
Walls Above Grade | Metal Framed,0,,0.189,,
Walls Above Grade | Mass Light,0,,0.43,,
Walls Above Grade | Mass Heavy,0,,0.69,,
Walls Above Grade | Wood Framed and Other,0,,0.092,,
Floors | Mass,,,0.158,,
Floors | Other,,,0.076,,
Slab-On-Grade Floors | Unheated Slabs,,,0.73,,Maximum is an F-Factor.
Slab-On-Grade Floors | Heated Slabs,,5,0.2,16,"R-5 vertical insulation from top of slab down 16 inches or to the frost line, whichever is greater."
Opaque Doors | Non-Swinging,,,1.45,,
Opaque Doors | Swinging,,,0.7,,
,,,,,
table:   Opaque Envelope Requirements | Climate Zone 8,,,,,
Envelope Component,Cavity R-Value,Continuous R-Value,Maximum U-Factor,Extent,Notes
Roofs | Metal Buildings,0,,0.078,,"0.75 Thermal Emittance and 0.20 Aged Solar Reflectance (steep-sloped), 0.75 Thermal Emittance and 0.55 Aged Solar Reflectance (low-sloped)"
Roofs | Wood Framed and Other,0,,0.078,,"0.75 Thermal Emittance and 0.20 Aged Solar Reflectance (steep-sloped), 0.75 Thermal Emittance and 0.55 Aged Solar Reflectance (low-sloped)"
Walls Above Grade | Metal Building,0,,0.189,,Air Barrier - Not Required
Walls Above Grade | Metal Framed,0,,0.189,,
Walls Above Grade | Mass Light,0,,0.43,,
Walls Above Grade | Mass Heavy,0,,0.69,,
Walls Above Grade | Wood Framed and Other,0,,0.092,,
Floors | Mass,,,0.158,,
Floors | Other,,,0.076,,
Slab-On-Grade Floors | Unheated Slabs,,,0.73,,Maximum is an F-Factor.
Slab-On-Grade Floors | Heated Slabs,,5,0.2,16,"R-5 vertical insulation from top of slab down 16 inches or to the frost line, whichever is greater."
Opaque Doors | Non-Swinging,,,1.45,,
Opaque Doors | Swinging,,,0.7,,
,,,,,
table:   Opaque Envelope Requirements | Climate Zone 9,,,,,
Envelope Component,Cavity R-Value,Continuous R-Value,Maximum U-Factor,Extent,Notes
Roofs | Metal Buildings,0,,0.078,,"0.75 Thermal Emittance and 0.20 Aged Solar Reflectance (steep-sloped), 0.75 Thermal Emittance and 0.55 Aged Solar Reflectance (low-sloped)"
Roofs | Wood Framed and Other,0,,0.078,,"0.75 Thermal Emittance and 0.20 Aged Solar Reflectance (steep-sloped), 0.75 Thermal Emittance and 0.55 Aged Solar Reflectance (low-sloped)"
Walls Above Grade | Metal Building,0,,0.189,,Air Barrier - Not Required
Walls Above Grade | Metal Framed,0,,0.189,,
Walls Above Grade | Mass Light,0,,0.43,,
Walls Above Grade | Mass Heavy,0,,0.69,,
Walls Above Grade | Wood Framed and Other,0,,0.092,,
Floors | Mass,,,0.158,,
Floors | Other,,,0.076,,
Slab-On-Grade Floors | Unheated Slabs,,,0.73,,Maximum is an F-Factor.
Slab-On-Grade Floors | Heated Slabs,,5,0.2,16,"R-5 vertical insulation from top of slab down 16 inches or to the frost line, whichever is greater."
Opaque Doors | Non-Swinging,,,1.45,,
Opaque Doors | Swinging,,,0.7,,
,,,,,
table:   Opaque Envelope Requirements | Climate Zone 10,,,,,
Envelope Component,Cavity R-Value,Continuous R-Value,Maximum U-Factor,Extent,Notes
Roofs | Metal Buildings,0,,0.057,,"0.75 Thermal Emittance and 0.20 Aged Solar Reflectance (steep-sloped), 0.75 Thermal Emittance and 0.55 Aged Solar Reflectance (low-sloped)"
Roofs | Wood Framed and Other,0,,0.057,,"0.75 Thermal Emittance and 0.20 Aged Solar Reflectance (steep-sloped), 0.75 Thermal Emittance and 0.55 Aged Solar Reflectance (low-sloped)"
Walls Above Grade | Metal Building,0,,0.182,,Air Barrier - Not Required
Walls Above Grade | Metal Framed,0,,0.182,,
Walls Above Grade | Mass Light,0,,0.43,,
Walls Above Grade | Mass Heavy,0,,0.65,,
Walls Above Grade | Wood Framed and Other,0,,0.084,,
Floors | Mass,,,0.097,,
Floors | Other,,,0.076,,
Slab-On-Grade Floors | Unheated Slabs,,,0.73,,Maximum is an F-Factor.
Slab-On-Grade Floors | Heated Slabs,,5,0.2,16,"R-5 vertical insulation from top of slab down 16 inches or to the frost line, whichever is greater."
Opaque Doors | Non-Swinging,,,1.45,,
Opaque Doors | Swinging,,,0.7,,
,,,,,
table:   Opaque Envelope Requirements | Climate Zone 11,,,,,
Envelope Component,Cavity R-Value,Continuous R-Value,Maximum U-Factor,Extent,Notes
Roofs | Metal Buildings,0,,0.057,,"0.75 Thermal Emittance and 0.20 Aged Solar Reflectance (steep-sloped), 0.75 Thermal Emittance and 0.55 Aged Solar Reflectance (low-sloped)"
Roofs | Wood Framed and Other,0,,0.057,,"0.75 Thermal Emittance and 0.20 Aged Solar Reflectance (steep-sloped), 0.75 Thermal Emittance and 0.55 Aged Solar Reflectance (low-sloped)"
Walls Above Grade | Metal Building,0,,0.182,,Air Barrier - Not Required
Walls Above Grade | Metal Framed,0,,0.182,,
Walls Above Grade | Mass Light,0,,0.43,,
Walls Above Grade | Mass Heavy,0,,0.65,,
Walls Above Grade | Wood Framed and Other,0,,0.084,,
Floors | Mass,,,0.097,,
Floors | Other,,,0.076,,
Slab-On-Grade Floors | Unheated Slabs,,,0.73,,Maximum is an F-Factor.
Slab-On-Grade Floors | Heated Slabs,,5,0.2,16,"R-5 vertical insulation from top of slab down 16 inches or to the frost line, whichever is greater."
Opaque Doors | Non-Swinging,,,1.45,,
Opaque Doors | Swinging,,,0.7,,
,,,,,
table:   Opaque Envelope Requirements | Climate Zone 12,,,,,
Envelope Component,Cavity R-Value,Continuous R-Value,Maximum U-Factor,Extent,Notes
Roofs | Metal Buildings,0,,0.057,,"0.75 Thermal Emittance and 0.20 Aged Solar Reflectance (steep-sloped), 0.75 Thermal Emittance and 0.55 Aged Solar Reflectance (low-sloped)"
Roofs | Wood Framed and Other,0,,0.057,,"0.75 Thermal Emittance and 0.20 Aged Solar Reflectance (steep-sloped), 0.75 Thermal Emittance and 0.55 Aged Solar Reflectance (low-sloped)"
Walls Above Grade | Metal Building,0,,0.182,,Air Barrier - Not Required
Walls Above Grade | Metal Framed,0,,0.182,,
Walls Above Grade | Mass Light,0,,0.43,,
Walls Above Grade | Mass Heavy,0,,0.65,,
Walls Above Grade | Wood Framed and Other,0,,0.084,,
Floors | Mass,,,0.097,,
Floors | Other,,,0.076,,
Slab-On-Grade Floors | Unheated Slabs,,,0.73,,Maximum is an F-Factor.
Slab-On-Grade Floors | Heated Slabs,,5,0.2,16,"R-5 vertical insulation from top of slab down 16 inches or to the frost line, whichever is greater."
Opaque Doors | Non-Swinging,,,1.45,,
Opaque Doors | Swinging,,,0.7,,
,,,,,
table:   Opaque Envelope Requirements | Climate Zone 13,,,,,
Envelope Component,Cavity R-Value,Continuous R-Value,Maximum U-Factor,Extent,Notes
Roofs | Metal Buildings,0,,0.057,,"0.75 Thermal Emittance and 0.20 Aged Solar Reflectance (steep-sloped), 0.75 Thermal Emittance and 0.55 Aged Solar Reflectance (low-sloped)"
Roofs | Wood Framed and Other,0,,0.057,,"0.75 Thermal Emittance and 0.20 Aged Solar Reflectance (steep-sloped), 0.75 Thermal Emittance and 0.55 Aged Solar Reflectance (low-sloped)"
Walls Above Grade | Metal Building,0,,0.182,,Air Barrier - Not Required
Walls Above Grade | Metal Framed,0,,0.182,,
Walls Above Grade | Mass Light,0,,0.43,,
Walls Above Grade | Mass Heavy,0,,0.65,,
Walls Above Grade | Wood Framed and Other,0,,0.084,,
Floors | Mass,,,0.097,,
Floors | Other,,,0.076,,
Slab-On-Grade Floors | Unheated Slabs,,,0.73,,Maximum is an F-Factor.
Slab-On-Grade Floors | Heated Slabs,,5,0.2,16,"R-5 vertical insulation from top of slab down 16 inches or to the frost line, whichever is greater."
Opaque Doors | Non-Swinging,,,1.45,,
Opaque Doors | Swinging,,,0.7,,
,,,,,
table:   Opaque Envelope Requirements | Climate Zone 14,,,,,
Envelope Component,Cavity R-Value,Continuous R-Value,Maximum U-Factor,Extent,Notes
Roofs | Metal Buildings,0,,0.057,,"0.75 Thermal Emittance and 0.20 Aged Solar Reflectance (steep-sloped), 0.75 Thermal Emittance and 0.55 Aged Solar Reflectance (low-sloped)"
Roofs | Wood Framed and Other,0,,0.057,,"0.75 Thermal Emittance and 0.20 Aged Solar Reflectance (steep-sloped), 0.75 Thermal Emittance and 0.55 Aged Solar Reflectance (low-sloped)"
Walls Above Grade | Metal Building,0,,0.182,,Air Barrier - Not Required
Walls Above Grade | Metal Framed,0,,0.182,,
Walls Above Grade | Mass Light,0,,0.43,,
Walls Above Grade | Mass Heavy,0,,0.4,,
Walls Above Grade | Wood Framed and Other,0,,0.084,,
Floors | Mass,,,0.158,,
Floors | Other,,,0.076,,
Slab-On-Grade Floors | Unheated Slabs,,,0.73,,Maximum is an F-Factor.
Slab-On-Grade Floors | Heated Slabs,,5,0.2,16,"R-5 vertical insulation from top of slab down 16 inches or to the frost line, whichever is greater."
Opaque Doors | Non-Swinging,,,1.45,,
Opaque Doors | Swinging,,,0.7,,
,,,,,
table:   Opaque Envelope Requirements | Climate Zone 15,,,,,
Envelope Component,Cavity R-Value,Continuous R-Value,Maximum U-Factor,Extent,Notes
Roofs | Metal Buildings,0,,0.057,,"0.75 Thermal Emittance and 0.20 Aged Solar Reflectance (steep-sloped), 0.75 Thermal Emittance and 0.55 Aged Solar Reflectance (low-sloped)"
Roofs | Wood Framed and Other,0,,0.057,,"0.75 Thermal Emittance and 0.20 Aged Solar Reflectance (steep-sloped), 0.75 Thermal Emittance and 0.55 Aged Solar Reflectance (low-sloped)"
Walls Above Grade | Metal Building,0,,0.182,,Air Barrier - Not Required
Walls Above Grade | Metal Framed,0,,0.182,,
Walls Above Grade | Mass Light,0,,0.43,,
Walls Above Grade | Mass Heavy,0,,0.4,,
Walls Above Grade | Wood Framed and Other,0,,0.084,,
Floors | Mass,,,0.158,,
Floors | Other,,,0.076,,
Slab-On-Grade Floors | Unheated Slabs,,,0.73,,Maximum is an F-Factor.
Slab-On-Grade Floors | Heated Slabs,,5,0.2,16,"R-5 vertical insulation from top of slab down 16 inches or to the frost line, whichever is greater."
Opaque Doors | Non-Swinging,,,1.45,,
Opaque Doors | Swinging,,,0.7,,
,,,,,
table:   Opaque Envelope Requirements | Climate Zone 16,,,,,
Envelope Component,Cavity R-Value,Continuous R-Value,Maximum U-Factor,Extent,Notes
Roofs | Metal Buildings,0,,0.057,,"0.75 Thermal Emittance and 0.20 Aged Solar Reflectance (steep-sloped), 0.75 Thermal Emittance and 0.55 Aged Solar Reflectance (low-sloped)"
Roofs | Wood Framed and Other,0,,0.057,,"0.75 Thermal Emittance and 0.20 Aged Solar Reflectance (steep-sloped), 0.75 Thermal Emittance and 0.55 Aged Solar Reflectance (low-sloped)"
Walls Above Grade | Metal Building,0,,0.182,,Air Barrier - Not Required
Walls Above Grade | Metal Framed,0,,0.182,,
Walls Above Grade | Mass Light,0,,0.34,,
Walls Above Grade | Mass Heavy,0,,0.36,,
Walls Above Grade | Wood Framed and Other,0,,0.084,,
Floors | Mass,,,0.097,,
Floors | Other,,,0.05,,
Slab-On-Grade Floors | Unheated Slabs,,,0.73,,Maximum is an F-Factor.
Slab-On-Grade Floors | Heated Slabs,,10,0.2,16,"R-10 vertical insulation from top of slab down 16 inches or to the frost line, whichever is greater."
Opaque Doors | Non-Swinging,,,1.45,,
Opaque Doors | Swinging,,,0.7,,
,,,,,
table: Fenestration Requirements | Climate Zone 1,max,max,min,,
Fenestration Component,U-Factor,SHGC,VT,Notes,Fenestration Requirements are same for all CZs - copied for each below
Fixed Window | North,0.49,0.49,0.25,assuming 11-20% WWR,
Operable Window | North,0.49,0.49,0.25,assuming 11-20% WWR,
Fixed Window,0.49,0.43,0.25,assuming 11-20% WWR,
Operable Window | Non-North,0.49,0.43,0.25,assuming 11-20% WWR,
"Skylights | Glass, curb mounted",0.99,0.46,0.25,2.1-5% maximum of roof area.,
"Skylights | Glass, deck mounted",0.57,0.46,0.25,2.1-5% maximum of roof area.,
"Skylights | Plastic, curb mounted",0.87,0.58,0.25,2.1-5% maximum of roof area.,
Skylights | Tubular Daylighting Devices (TDDs),0.87,0.58,0.25,2.1-5% maximum of roof area.,
,,,,,
table: Fenestration Requirements | Climate Zone 2,max,max,min,,
Fenestration Component,U-Factor,SHGC,VT,Notes,
Fixed Window | North,0.49,0.51,0.25,assuming 11-20% WWR,
Operable Window | North,0.49,0.51,0.25,assuming 11-20% WWR,
Fixed Window,0.49,0.36,0.25,assuming 11-20% WWR,
Operable Window | Non-North,0.49,0.36,0.25,assuming 11-20% WWR,
"Skylights | Glass, curb mounted",0.99,0.36,0.25,2.1-5% maximum of roof area.,
"Skylights | Glass, deck mounted",0.57,0.36,0.25,2.1-5% maximum of roof area.,
"Skylights | Plastic, curb mounted",1.1,0.62,0.25,2.1-5% maximum of roof area.,
Skylights | Tubular Daylighting Devices (TDDs),1.1,0.62,0.25,2.1-5% maximum of roof area.,
,,,,,
table: Fenestration Requirements | Climate Zone 3,max,max,min,,
Fenestration Component,U-Factor,SHGC,VT,Notes,
Fixed Window | North,0.81,0.61,0.25,assuming 11-20% WWR,
Operable Window | North,0.81,0.61,0.25,assuming 11-20% WWR,
Fixed Window,0.81,0.55,0.25,assuming 11-20% WWR,
Operable Window | Non-North,0.81,0.55,0.25,assuming 11-20% WWR,
"Skylights | Glass, curb mounted",1.18,0.4,0.25,2.1-5% maximum of roof area.,
"Skylights | Glass, deck mounted",0.68,0.4,0.25,2.1-5% maximum of roof area.,
"Skylights | Plastic, curb mounted",1.3,0.65,0.25,2.1-5% maximum of roof area.,
Skylights | Tubular Daylighting Devices (TDDs),1.3,0.65,0.25,2.1-5% maximum of roof area.,
,,,,,
table: Fenestration Requirements | Climate Zone 4,max,max,min,,
Fenestration Component,U-Factor,SHGC,VT,Notes,
Fixed Window | North,0.81,0.61,0.25,assuming 11-20% WWR,
Operable Window | North,0.81,0.61,0.25,assuming 11-20% WWR,
Fixed Window,0.81,0.55,0.25,assuming 11-20% WWR,
Operable Window | Non-North,0.81,0.55,0.25,assuming 11-20% WWR,
"Skylights | Glass, curb mounted",1.18,0.4,0.25,2.1-5% maximum of roof area.,
"Skylights | Glass, deck mounted",0.68,0.4,0.25,2.1-5% maximum of roof area.,
"Skylights | Plastic, curb mounted",1.3,0.65,0.25,2.1-5% maximum of roof area.,
Skylights | Tubular Daylighting Devices (TDDs),1.3,0.65,0.25,2.1-5% maximum of roof area.,
,,,,,
table: Fenestration Requirements | Climate Zone 5,max,max,min,,
Fixed Window | North,U-Factor,SHGC,VT,Notes,
Operable Window | North,0.81,0.61,0.25,assuming 11-20% WWR,
Fixed Window,0.81,0.61,0.25,assuming 11-20% WWR,
Operable Window | Non-North,0.81,0.55,0.25,assuming 11-20% WWR,
Glazed Doors,0.81,0.55,0.25,assuming 11-20% WWR,
"Skylights | Glass, curb mounted",1.18,0.4,0.25,2.1-5% maximum of roof area.,
"Skylights | Glass, deck mounted",0.68,0.4,0.25,2.1-5% maximum of roof area.,
"Skylights | Plastic, curb mounted",1.3,0.65,0.25,2.1-5% maximum of roof area.,
Skylights | Tubular Daylighting Devices (TDDs),1.3,0.65,0.25,2.1-5% maximum of roof area.,
,,,,,
table: Fenestration Requirements | Climate Zone 6,max,max,min,,
Fenestration Component,U-Factor,SHGC,VT,Notes,
Fixed Window | North,0.81,0.61,0.25,assuming 11-20% WWR,
Operable Window | North,0.81,0.61,0.25,assuming 11-20% WWR,
Fixed Window,0.81,0.61,0.25,assuming 11-20% WWR,
Operable Window | Non-North,0.81,0.61,0.25,assuming 11-20% WWR,
"Skylights | Glass, curb mounted",1.18,0.4,0.25,2.1-5% maximum of roof area.,
"Skylights | Glass, deck mounted",0.68,0.4,0.25,2.1-5% maximum of roof area.,
"Skylights | Plastic, curb mounted",1.3,0.62,0.25,2.1-5% maximum of roof area.,
Skylights | Tubular Daylighting Devices (TDDs),1.3,0.62,0.25,2.1-5% maximum of roof area.,
,,,,,
table: Fenestration Requirements | Climate Zone 7,max,max,min,,
Fixed Window | North,U-Factor,SHGC,VT,Notes,
Operable Window | North,0.81,0.61,0.25,assuming 11-20% WWR,
Fixed Window,0.81,0.61,0.25,assuming 11-20% WWR,
Operable Window | Non-North,0.81,0.61,0.25,assuming 11-20% WWR,
Glazed Doors,0.81,0.61,0.25,assuming 11-20% WWR,
"Skylights | Glass, curb mounted",1.18,0.4,0.25,2.1-5% maximum of roof area.,
"Skylights | Glass, deck mounted",0.68,0.4,0.25,2.1-5% maximum of roof area.,
"Skylights | Plastic, curb mounted",1.3,0.62,0.25,2.1-5% maximum of roof area.,
Skylights | Tubular Daylighting Devices (TDDs),1.3,0.62,0.25,2.1-5% maximum of roof area.,
,,,,,
table: Fenestration Requirements | Climate Zone 8,max,max,min,,
Fenestration Component,U-Factor,SHGC,VT,Notes,
Fixed Window | North,0.81,0.61,0.25,assuming 11-20% WWR,
Operable Window | North,0.81,0.61,0.25,assuming 11-20% WWR,
Fixed Window,0.81,0.61,0.25,assuming 11-20% WWR,
Operable Window | Non-North,0.81,0.61,0.25,assuming 11-20% WWR,
"Skylights | Glass, curb mounted",1.18,0.4,0.25,2.1-5% maximum of roof area.,
"Skylights | Glass, deck mounted",0.68,0.4,0.25,2.1-5% maximum of roof area.,
"Skylights | Plastic, curb mounted",1.3,0.62,0.25,2.1-5% maximum of roof area.,
Skylights | Tubular Daylighting Devices (TDDs),1.3,0.62,0.25,2.1-5% maximum of roof area.,
,,,,,
table: Fenestration Requirements | Climate Zone 9,max,max,min,,
Fenestration Component,U-Factor,SHGC,VT,Notes,
Fixed Window | North,0.81,0.61,0.25,assuming 11-20% WWR,
Operable Window | North,0.81,0.61,0.25,assuming 11-20% WWR,
Fixed Window,0.81,0.61,0.25,assuming 11-20% WWR,
Operable Window | Non-North,0.81,0.61,0.25,assuming 11-20% WWR,
"Skylights | Glass, curb mounted",1.18,0.4,0.25,2.1-5% maximum of roof area.,
"Skylights | Glass, deck mounted",0.68,0.4,0.25,2.1-5% maximum of roof area.,
"Skylights | Plastic, curb mounted",1.3,0.62,0.25,2.1-5% maximum of roof area.,
Skylights | Tubular Daylighting Devices (TDDs),1.3,0.62,0.25,2.1-5% maximum of roof area.,
,,,,,
table: Fenestration Requirements | Climate Zone 10,max,max,min,,
Fenestration Component,U-Factor,SHGC,VT,Notes,
Fixed Window | North,0.49,0.51,0.25,assuming 11-20% WWR,
Operable Window | North,0.49,0.51,0.25,assuming 11-20% WWR,
Fixed Window,0.49,0.36,0.25,assuming 11-20% WWR,
Operable Window | Non-North,0.49,0.36,0.25,assuming 11-20% WWR,
"Skylights | Glass, curb mounted",0.99,0.36,0.25,2.1-5% maximum of roof area.,
"Skylights | Glass, deck mounted",0.57,0.36,0.25,2.1-5% maximum of roof area.,
"Skylights | Plastic, curb mounted",1.1,0.62,0.25,2.1-5% maximum of roof area.,
Skylights | Tubular Daylighting Devices (TDDs),1.1,0.62,0.25,2.1-5% maximum of roof area.,
,,,,,
table: Fenestration Requirements | Climate Zone 11,max,max,min,,
Fenestration Component,U-Factor,SHGC,VT,Notes,
Fixed Window | North,0.49,0.51,0.25,assuming 11-20% WWR,
Operable Window | North,0.49,0.51,0.25,assuming 11-20% WWR,
Fixed Window,0.49,0.36,0.25,assuming 11-20% WWR,
Operable Window | Non-North,0.49,0.36,0.25,assuming 11-20% WWR,
"Skylights | Glass, curb mounted",0.99,0.36,0.25,2.1-5% maximum of roof area.,
"Skylights | Glass, deck mounted",0.57,0.36,0.25,2.1-5% maximum of roof area.,
"Skylights | Plastic, curb mounted",1.1,0.62,0.25,2.1-5% maximum of roof area.,
Skylights | Tubular Daylighting Devices (TDDs),1.1,0.62,0.25,2.1-5% maximum of roof area.,
,,,,,
table: Fenestration Requirements | Climate Zone 12,max,max,min,,
Fenestration Component,U-Factor,SHGC,VT,Notes,
Fixed Window | North,0.49,0.51,0.25,assuming 11-20% WWR,
Operable Window | North,0.49,0.51,0.25,assuming 11-20% WWR,
Fixed Window,0.49,0.36,0.25,assuming 11-20% WWR,
Operable Window | Non-North,0.49,0.36,0.25,assuming 11-20% WWR,
"Skylights | Glass, curb mounted",0.99,0.36,0.25,2.1-5% maximum of roof area.,
"Skylights | Glass, deck mounted",0.57,0.36,0.25,2.1-5% maximum of roof area.,
"Skylights | Plastic, curb mounted",1.1,0.62,0.25,2.1-5% maximum of roof area.,
Skylights | Tubular Daylighting Devices (TDDs),1.1,0.62,0.25,2.1-5% maximum of roof area.,
,,,,,
table: Fenestration Requirements | Climate Zone 13,max,max,min,,
Fenestration Component,U-Factor,SHGC,VT,Notes,
Fixed Window | North,0.49,0.51,0.25,assuming 11-20% WWR,
Operable Window | North,0.49,0.51,0.25,assuming 11-20% WWR,
Fixed Window,0.49,0.36,0.25,assuming 11-20% WWR,
Operable Window | Non-North,0.49,0.36,0.25,assuming 11-20% WWR,
"Skylights | Glass, curb mounted",0.99,0.36,0.25,2.1-5% maximum of roof area.,
"Skylights | Glass, deck mounted",0.57,0.36,0.25,2.1-5% maximum of roof area.,
"Skylights | Plastic, curb mounted",1.1,0.62,0.25,2.1-5% maximum of roof area.,
Skylights | Tubular Daylighting Devices (TDDs),1.1,0.62,0.25,2.1-5% maximum of roof area.,
,,,,,
table: Fenestration Requirements | Climate Zone 14,max,max,min,,
Fenestration Component,U-Factor,SHGC,VT,Notes,
Fixed Window | North,0.49,0.51,0.25,assuming 11-20% WWR,
Operable Window | North,0.49,0.51,0.25,assuming 11-20% WWR,
Fixed Window,0.49,0.36,0.25,assuming 11-20% WWR,
Operable Window | Non-North,0.49,0.36,0.25,assuming 11-20% WWR,
"Skylights | Glass, curb mounted",0.99,0.36,0.25,2.1-5% maximum of roof area.,
"Skylights | Glass, deck mounted",0.57,0.36,0.25,2.1-5% maximum of roof area.,
"Skylights | Plastic, curb mounted",1.1,0.58,0.25,2.1-5% maximum of roof area.,
Skylights | Tubular Daylighting Devices (TDDs),1.1,0.58,0.25,2.1-5% maximum of roof area.,
,,,,,
table: Fenestration Requirements | Climate Zone 15,max,max,min,,
Fenestration Component,U-Factor,SHGC,VT,Notes,
Fixed Window | North,0.49,0.51,0.25,assuming 11-20% WWR,
Operable Window | North,0.49,0.51,0.25,assuming 11-20% WWR,
Fixed Window,0.49,0.36,0.25,assuming 11-20% WWR,
Operable Window | Non-North,0.49,0.36,0.25,assuming 11-20% WWR,
"Skylights | Glass, curb mounted",0.99,0.36,0.25,2.1-5% maximum of roof area.,
"Skylights | Glass, deck mounted",0.57,0.36,0.25,2.1-5% maximum of roof area.,
"Skylights | Plastic, curb mounted",1.1,0.58,0.25,2.1-5% maximum of roof area.,
Skylights | Tubular Daylighting Devices (TDDs),1.1,0.58,0.25,2.1-5% maximum of roof area.,
,,,,,
table: Fenestration Requirements | Climate Zone 16,max,max,min,,
Fenestration Component,U-Factor,SHGC,VT,Notes,
Fixed Window | North,0.49,0.51,0.25,assuming 11-20% WWR,
Operable Window | North,0.49,0.51,0.25,assuming 11-20% WWR,
Fixed Window,0.49,0.43,0.25,assuming 11-20% WWR,
Operable Window | Non-North,0.49,0.43,0.25,assuming 11-20% WWR,
"Skylights | Glass, curb mounted",0.99,0.46,0.25,2.1-5% maximum of roof area.,
"Skylights | Glass, deck mounted",0.57,0.46,0.25,2.1-5% maximum of roof area.,
"Skylights | Plastic, curb mounted",0.87,0.58,0.25,2.1-5% maximum of roof area.,
Skylights | Tubular Daylighting Devices (TDDs),0.87,0.58,0.25,2.1-5% maximum of roof area.,
,,,,,
table: Heat Rejection Parameters | Climate Zone 1,,,,,
parameter,value,Notes,,,
cw_wetbulb_design,20.01,Design OATwb,,,
cw_design_temp,22.33,CW design temperature / ECWT,,,
cw_approach,5.56,approach," = MIN(29.44, design_temp + 5.56) - design_temp",,
,,,,,
table: Heat Rejection Parameters | Climate Zone 2,,,,,
parameter,value,Notes,,,
cw_wetbulb_design,22.11,Design OATwb,,,
cw_design_temp,27.67,CW design temperature / ECWT,,,
cw_approach,5.56,approach,,,
,,,,,
table: Heat Rejection Parameters | Climate Zone 3,,,,,
parameter,value,Notes,,,
cw_wetbulb_design,20.01,Design OATwb,,,
cw_design_temp,25.17,CW design temperature / ECWT,,,
cw_approach,5.56,approach,,,
,,,,,
table: Heat Rejection Parameters | Climate Zone 4,,,,,
parameter,value,Notes,,,
cw_wetbulb_design,22.61,Design OATwb,,,
cw_design_temp,28.17,CW design temperature / ECWT,,,
cw_approach,5.56,approach,,,
,,,,,
table: Heat Rejection Parameters | Climate Zone 5,,,,,
parameter,value,Notes,,,
cw_wetbulb_design,20.22,Design OATwb,,,
cw_design_temp,25.78,CW design temperature / ECWT,,,
cw_approach,5.56,approach,,,
,,,,,
table: Heat Rejection Parameters | Climate Zone 6,,,,,
parameter,value,Notes,,,
cw_wetbulb_design,23.78,Design OATwb,,,
cw_design_temp,29.33,CW design temperature / ECWT,,,
cw_approach,5.56,approach,,,
,,,,,
table: Heat Rejection Parameters | Climate Zone 7,,,,,
parameter,value,Notes,,,
cw_wetbulb_design,21.22,Design OATwb,,,
cw_design_temp,26.78,CW design temperature / ECWT,,,
cw_approach,5.56,approach,,,
,,,,,
table: Heat Rejection Parameters | Climate Zone 8,,,,,
parameter,value,Notes,,,
cw_wetbulb_design,21.5,Design OATwb,,,
cw_design_temp,27.06,CW design temperature / ECWT,,,
cw_approach,5.56,approach,,,
,,,,,
table: Heat Rejection Parameters | Climate Zone 9,,,,,
parameter,value,Notes,,,
cw_wetbulb_design,23.72,Design OATwb,,,
cw_design_temp,29.28,CW design temperature / ECWT,,,
cw_approach,5.56,approach,,,
,,,,,
table: Heat Rejection Parameters | Climate Zone 10,,,,,
parameter,value,Notes,,,
cw_wetbulb_design,21.61,Design OATwb,,,
cw_design_temp,27.17,CW design temperature / ECWT,,,
cw_approach,5.56,approach,,,
,,,,,
table: Heat Rejection Parameters | Climate Zone 11,,,,,
parameter,value,Notes,,,
cw_wetbulb_design,22.61,Design OATwb,,,
cw_design_temp,28.17,CW design temperature / ECWT,,,
cw_approach,5.56,approach,,,
,,,,,
table: Heat Rejection Parameters | Climate Zone 11,,,,,
parameter,value,Notes,,,
cw_wetbulb_design,22.61,Design OATwb,,,
cw_design_temp,28.17,CW design temperature / ECWT,,,
cw_approach,5.56,approach,,,
,,,,,
table: Heat Rejection Parameters | Climate Zone 12,,,,,
parameter,value,Notes,,,
cw_wetbulb_design,22.11,Design OATwb,,,
cw_design_temp,27.67,CW design temperature / ECWT,,,
cw_approach,5.56,approach,,,
,,,,,
table: Heat Rejection Parameters | Climate Zone 13,,,,,
parameter,value,Notes,,,
cw_wetbulb_design,22,Design OATwb,,,
cw_design_temp,27.56,CW design temperature / ECWT,,,
cw_approach,5.56,approach,,,
,,,,,
table: Heat Rejection Parameters | Climate Zone 14,,,,,
parameter,value,Notes,,,
cw_wetbulb_design,20.89,Design OATwb,,,
cw_design_temp,26.44,CW design temperature / ECWT,,,
cw_approach,5.56,approach,,,
,,,,,
table: Heat Rejection Parameters | Climate Zone 15,,,,,
parameter,value,Notes,,,
cw_wetbulb_design,24.11,Design OATwb,,,
cw_design_temp,29.44,CW design temperature / ECWT,,,
cw_approach,5.33,approach,,,
,,,,,
table: Heat Rejection Parameters | Climate Zone 16,,,,,
parameter,value,Notes,,,
cw_wetbulb_design,20.01,Design OATwb,,,
cw_design_temp,21.67,CW design temperature / ECWT,,,
cw_approach,5.56,approach,,,
,,,,,
table: Lighting Power Density,,,,,
space,LPD,FuncType,,,
auditorium,2,Auditorium,,,
bank,1.4,"Bank, Financial Insitution",,,
classroom_shop,1.2,"Classroom, Lecture, Training, Vocational room",,,
computer,1.2,MasControl3: office open plan,,,
classroom_class,1.6,"Classroom, Lecture, Training, Vocational room",,,
conference,1.6,"Convention, Conference, Multipurpose and Meeting",,,
corridor,0.6,"Corridors, restrooms, stairs, and support areas",,,
dining_fine,1.1,Dining,,,
dining_fast,1.1,Dining,,,
exhibit,2,Exhibit,,,
grocery,1.6,Grocery Sales,,,
guestroom,0.5,*Unlisted - 2013 assumptions,,,
gym,1,"Exercise Center, Gymnasium",,,
health_operating,1.8,Medical and Clinical Care,,,
health_patient,1.8,Medical and Clinical Care,,,
industrial_low,1.2,Precision commercial and industrial work,,,
industrial_high,1.2,Precision commercial and industrial work,,,
kitchen,1.7,"Kitchen, food preparation",,,
lab,1.4,"Laboratory, Scientific",,,
laundry,0.9,Laundry,,,
lobby,1.5,"Lobbies, Main Entry lobby",,,
mech,0.7,"Electrical, Mechanical, Telephone Rooms",,,
office_large,1.3,"Offices, > 250 square feet",,,
office_small,1.3,"Offices, <= 250 square feet",,,
office_open,1.3,"Offices, > 250 square feet",,,
plenum,0,,,,
restroom,0.6,"Corridors, restrooms, stairs, and support areas",,,
retail_sales,2.2,"Retail merchandise sales, wholesale showrooms",,,
storage_refrig,0.7,Commercial and industrial storage (refrigerated),,,
storage_warehouse,0.6,Commercial and industrial storage (conditioned & unconditioned),,,
auto,1.1,Auto Repair,,,
,,,,,
table:   Economizer Setpoints,,,,,
Climate Zone,Fixed Drybulb,Differential Dry-bulb,,,
1,75,0,,,
2,73,2,,,
3,75,0,,,
4,73,2,,,
5,75,0,,,
6,71,4,,,
7,69,6,,,
8,71,4,,,
9,71,4,,,
10,73,2,,,
11,75,0,,,
12,75,0,,,
13,75,0,,,
14,75,0,,,
15,75,0,,,
16,75,0,,,